method,seed,layer,formula,r2
fixed_pikan,123,0,-0.0390*x^3 + -1.8129*sin + 2.0240*tanh,0.5126404762268066
fixed_pikan,123,0,2.9630*sin + -0.0796*cos + -3.1067*tanh,0.6732617020606995
fixed_pikan,123,0,0.0573*x^3 + 3.7523*sin + -3.9421*tanh,0.8716742992401123
fixed_pikan,123,0,-0.0082*x^4 + -0.1656*cos + 0.0630*exp,0.8965420722961426
fixed_pikan,123,0,-0.1996*1 + -0.0617*exp + 0.3930*sqrt,0.963362455368042
fixed_pikan,123,0,0.1320*x^3 + -0.3559*exp + 0.6523*sqrt,0.9567572474479676
fixed_pikan,123,0,-0.0940*x^3 + -4.6033*sin + 5.1870*tanh,0.6275238394737244
fixed_pikan,123,0,0.4446*1 + -0.1119*x^2 + -0.4854*cos,0.9828476309776306
fixed_pikan,123,0,3.4559*sin + 0.1270*cos + -3.4743*tanh,0.7787035703659058
fixed_pikan,123,0,0.1982*x + 0.0403*log + -0.4336*tanh,0.8197190761566162
fixed_pikan,123,1,-1.3276*1 + 0.5044*x + -0.8166*tanh,0.5575544238090515
fixed_pikan,123,1,-0.6199*1 + 0.3692*x + -0.6908*tanh,0.8051477670669556
fixed_pikan,123,1,0.1069*x^2 + 0.0311*sin + -0.4283*sqrt,0.8271600604057312
fixed_pikan,123,1,-0.1732*x^3 + 0.2893*exp + -1.1188*sqrt,0.7611768841743469
fixed_pikan,123,1,0.7458*1 + -0.1832*x + 0.3829*sin,0.8707475662231445
fixed_pikan,123,1,-0.2120*x^2 + -0.1163*log + 1.1555*sqrt,0.6540822982788086
fixed_pikan,123,1,0.0281*x^3 + -0.0190*x^4 + 0.1497*sqrt,0.809910774230957
fixed_pikan,123,1,0.1030*sin + -0.5819*cos + -0.6341*sqrt,0.8805474638938904
fixed_pikan,123,1,0.0257*x^2 + 0.0300*x^3 + 0.1650*sqrt,0.933281183242798
fixed_pikan,123,1,-0.0238*x^3 + -0.4316*cos + -0.6051*sqrt,0.5491043329238892
fixed_pikan,123,1,-1.5987*1 + -0.0537*x^3 + 0.1457*exp,0.9279391765594482
fixed_pikan,123,1,-0.6600*1 + -0.1775*sin + 0.1614*cos,0.8645197749137878
fixed_pikan,123,1,-0.0188*x^4 + 0.0436*exp + 0.0467*log,0.6946224570274353
fixed_pikan,123,1,-1.3293*1 + 0.8356*cos + 0.9562*sqrt,0.6743120551109314
fixed_pikan,123,1,0.0112*x^3 + 0.5948*cos + 0.6843*sqrt,0.624282717704773
fixed_pikan,123,1,0.6301*1 + -0.4749*x + 0.6510*tanh,0.8859286308288574
fixed_pikan,123,1,-0.1378*1 + -0.1472*x^2 + 0.4690*sqrt,0.7956496477127075
fixed_pikan,123,1,-0.9225*1 + 0.0758*exp + -0.1950*tanh,0.3274765014648437
fixed_pikan,123,1,0.0875*1 + 0.3143*x + -0.4555*tanh,0.7757700681686401
fixed_pikan,123,1,-0.6418*1 + -0.0245*x^2 + 0.0084*x^3,0.2539619207382202
fixed_pikan,123,1,-1.4348*1 + -0.0943*x + 0.0626*x^2,0.5778656005859375
fixed_pikan,123,1,0.0848*x^3 + -0.3323*cos + -0.0938*exp,0.6443864107131958
fixed_pikan,123,1,-1.8319*sin + -0.0862*exp + 2.1558*tanh,0.6269689798355103
fixed_pikan,123,1,0.1375*x^3 + 0.0527*x^4 + -0.2576*exp,0.8364772796630859
fixed_pikan,123,1,0.6442*cos + 0.2558*exp + -0.6408*tanh,0.7704285383224487
fixed_pikan,123,1,-0.2853*x + 0.4519*cos + 0.1314*exp,0.9393399357795716
fixed_pikan,123,1,0.0881*x + -0.0147*x^4 + 0.2753*sqrt,0.8109431862831116
fixed_pikan,123,1,-0.3122*x^2 + 0.0208*x^3 + -0.7260*cos,0.7759191393852234
fixed_pikan,123,1,-0.3669*x + 0.1669*exp + -0.4485*sqrt,0.9415311217308044
fixed_pikan,123,1,-0.7626*1 + -1.8051*sin + 1.7959*tanh,0.7067652940750122
fixed_pikan,123,1,-1.1159*1 + 0.2209*x + -0.1715*exp,0.6612458825111389
fixed_pikan,123,1,-0.4024*1 + -2.4569*sin + 2.4623*tanh,0.7704841494560242
fixed_pikan,123,1,0.4640*x + -0.2124*sqrt + -0.6306*tanh,0.787844181060791
fixed_pikan,123,1,-0.3591*1 + 0.1105*exp + -0.2662*tanh,0.9392423629760742
fixed_pikan,123,1,0.9881*1 + 0.0556*log + 0.0899*tanh,0.6995923519134521
fixed_pikan,123,1,0.5582*1 + -0.5031*x + 0.9308*tanh,0.8879469037055969
fixed_pikan,123,1,-0.0353*x + 0.0700*x^2 + -0.1693*sqrt,0.8895330429077148
fixed_pikan,123,1,-0.9247*1 + -0.8333*x + 1.3042*tanh,0.6932268142700195
fixed_pikan,123,1,-0.0933*x + 0.0176*x^4 + 0.2523*tanh,0.8321222066879272
fixed_pikan,123,1,-0.6433*1 + -0.0518*x + -0.0266*x^2,0.9601508378982544
fixed_pikan,123,1,0.0244*x^3 + -0.9047*cos + -1.2643*sqrt,0.5995574593544006
fixed_pikan,123,1,-0.4975*1 + 0.4373*x + -0.4806*tanh,0.8004931211471558
fixed_pikan,123,1,-0.0152*x^3 + 0.0210*x^4 + -0.4911*sqrt,0.9165343046188354
fixed_pikan,123,1,-0.3156*1 + 1.9343*sin + -1.9680*tanh,0.4669146537780761
fixed_pikan,123,1,0.7855*1 + 0.0644*exp + -0.3350*tanh,0.833747923374176
fixed_pikan,123,1,0.5914*1 + -0.2892*x + 0.5251*tanh,0.8506559729576111
fixed_pikan,123,1,-0.1372*x^2 + -0.1575*cos + 0.4918*sqrt,0.5792510509490967
fixed_pikan,123,1,-0.8574*1 + 0.0426*x + 0.0654*x^2,0.4972954392433166
fixed_pikan,123,1,0.2275*1 + 0.1537*x^2 + -0.5776*sqrt,0.6346211433410645
fixed_pikan,123,1,-0.6186*1 + 2.5282*sin + -2.4818*tanh,0.8566496968269348
fixed_pikan,123,1,-0.4231*x^2 + -0.0123*x^3 + -1.3034*cos,0.526030957698822
fixed_pikan,123,1,-0.6221*1 + -0.5577*x + 0.8066*tanh,0.431175947189331
fixed_pikan,123,1,0.1192*x^2 + 0.0444*cos + -0.4837*sqrt,0.8612604737281799
fixed_pikan,123,1,0.1479*x^2 + -0.0105*x^3 + -0.6368*sqrt,0.6996172666549683
fixed_pikan,123,1,0.5625*cos + 0.8080*sqrt + -0.1340*tanh,0.5670269727706909
fixed_pikan,123,1,0.6370*1 + 2.0703*sin + -2.1627*tanh,0.392078697681427
fixed_pikan,123,1,0.1013*x^2 + -0.0507*exp + 0.3734*tanh,0.9219212532043456
fixed_pikan,123,1,-0.4439*1 + 0.0905*sin + 0.1356*log,0.664225161075592
fixed_pikan,123,1,0.0713*1 + -0.9425*sin + 0.8940*tanh,0.846943736076355
fixed_pikan,123,1,-0.5377*cos + -0.1398*exp + 0.3887*tanh,0.6552634239196777
fixed_pikan,123,1,-0.9554*1 + -0.3608*cos + -0.2611*sqrt,0.6971020102500916
fixed_pikan,123,1,-0.4802*1 + 0.2801*x + -0.5557*tanh,0.5029326677322388
fixed_pikan,123,1,0.0997*x^2 + -0.0663*sin + -0.3768*sqrt,0.5808746218681335
fixed_pikan,123,1,0.3501*x + 0.1611*x^2 + -0.1846*exp,0.9274778962135316
fixed_pikan,123,1,-0.1302*x^3 + 0.2498*exp + -0.2272*log,0.7577463984489441
fixed_pikan,123,1,-0.4551*x + 0.3536*cos + 0.2139*exp,0.9168106317520142
fixed_pikan,123,1,0.0374*x^2 + 0.0185*exp + -0.1240*sqrt,0.697852373123169
fixed_pikan,123,1,-0.7830*1 + 0.2315*x + -0.1634*tanh,0.7055744528770447
fixed_pikan,123,1,0.1412*1 + 0.3326*sin + -0.0867*exp,0.9196472764015198
fixed_pikan,123,1,-0.2504*exp + 0.1602*log + 0.5516*tanh,0.7486413717269897
fixed_pikan,123,1,-1.4956*1 + -0.0572*x + 0.3170*sqrt,0.7354570627212524
fixed_pikan,123,1,-0.5972*1 + -0.0654*x^2 + 0.3065*sqrt,0.8077784180641174
fixed_pikan,123,1,-0.1285*cos + 0.0684*sqrt + -0.0188*tanh,0.96493798494339
fixed_pikan,123,1,-0.4688*1 + -0.2562*x^2 + 0.9043*sqrt,0.8130450248718262
fixed_pikan,123,1,0.9441*1 + 0.0198*x^4 + -0.4660*sqrt,0.7599692344665527
fixed_pikan,123,1,0.7165*1 + -0.0617*exp + 0.3304*tanh,0.8249551653862
fixed_pikan,123,1,2.3260*sin + 0.0341*exp + -2.5010*tanh,0.5760127305984497
fixed_pikan,123,1,0.4812*x + -0.3780*cos + -0.3427*exp,0.6685587167739868
fixed_pikan,123,1,0.0489*x^3 + -0.0831*exp + 0.3655*sqrt,0.4637206792831421
fixed_pikan,123,1,-0.6299*1 + 1.3088*sin + -1.3737*tanh,0.1966797113418579
fixed_pikan,123,1,-1.4460*1 + 2.0073*sin + -1.9854*tanh,0.5895125865936279
fixed_pikan,123,1,-0.3821*x + 0.1883*log + 0.7036*tanh,0.8290681838989258
fixed_pikan,123,1,0.1122*x^3 + -0.1878*exp + 0.4900*sqrt,0.576583981513977
fixed_pikan,123,1,-0.2815*1 + 2.0544*sin + -1.9810*tanh,0.8408145904541016
fixed_pikan,123,1,1.0237*1 + -0.4830*x + 0.8852*tanh,0.6627241969108582
fixed_pikan,123,1,0.7451*1 + 0.3325*sin + -0.0927*exp,0.828944206237793
fixed_pikan,123,1,-0.4806*x + 0.1050*sqrt + 0.8424*tanh,0.7486055493354797
fixed_pikan,123,1,-1.2432*1 + -0.3057*x^2 + 1.4138*sqrt,0.8615174293518066
fixed_pikan,123,1,-0.1075*x^2 + 0.0401*x^3 + 0.3919*sqrt,0.9217972755432128
fixed_pikan,123,1,-0.7251*1 + -2.6089*sin + 2.5927*tanh,0.6850498914718628
fixed_pikan,123,1,-1.4767*1 + -1.9400*sin + 1.9427*tanh,0.6757690906524658
fixed_pikan,123,1,-0.5743*1 + -0.6279*x + 1.0387*tanh,0.7784662842750549
fixed_pikan,123,1,-0.1215*cos + 0.0774*sqrt + 0.0818*tanh,0.6278953552246094
fixed_pikan,123,1,0.1861*x^2 + -0.0465*exp + -0.4236*sqrt,0.908791720867157
fixed_pikan,123,1,-0.0371*x^3 + 0.0639*x^4 + 0.6800*cos,0.5815901756286621
fixed_pikan,123,1,0.6095*1 + -2.3153*sin + 2.4876*tanh,0.56596440076828
fixed_pikan,123,1,-0.1589*exp + 0.4052*sqrt + 0.5176*tanh,0.906146764755249
fixed_pikan,123,1,-0.9289*1 + -0.2821*x + 0.4201*tanh,0.565400242805481
fixed_pikan,123,1,-0.1107*x^3 + -3.8828*sin + 4.4756*tanh,0.6025960445404053
fixed_pikan,123,1,-0.8491*1 + -0.1409*x^2 + 0.6163*sqrt,0.3337073922157287
fixed_pikan,123,2,-0.1476*x^3 + -5.9010*sin + 6.8100*tanh,0.718559741973877
fixed_pikan,123,2,-0.1705*x^2 + -0.0637*sin + 0.5893*sqrt,0.7734293341636658
fixed_pikan,123,2,0.6187*x + 0.2215*cos + -1.0040*tanh,0.4226885437965393
fixed_pikan,123,2,0.1789*x + -0.0591*log + -0.3605*tanh,0.5572419762611389
fixed_pikan,123,2,0.1630*1 + -0.0157*x^3 + 0.0211*exp,0.8091282844543457
fixed_pikan,123,2,0.3659*x + -0.0640*log + -0.5706*tanh,0.8054474592208862
fixed_pikan,123,2,-0.3832*x + -0.0764*log + 0.7153*tanh,0.7097412943840027
fixed_pikan,123,2,0.1031*cos + 0.1053*exp + -0.1692*tanh,0.5227302312850952
fixed_pikan,123,2,-0.1380*x^3 + -0.0374*x^4 + 0.2837*exp,0.8798960447311401
fixed_pikan,123,2,-0.1346*x^2 + 0.0881*sin + 0.6626*sqrt,0.94122314453125
fixed_pikan,1234,0,-0.0446*x^3 + -1.0188*sin + 1.2192*tanh,0.9170214533805848
fixed_pikan,1234,0,-0.0937*x^2 + -0.0418*exp + 0.1896*sqrt,0.9020226001739502
fixed_pikan,1234,0,-0.1003*1 + -0.0484*x^3 + 0.0321*exp,0.8559983968734741
fixed_pikan,1234,0,-0.0077*x^4 + 0.0548*log + -0.1140*tanh,0.7599285244941711
fixed_pikan,1234,0,0.0656*x^3 + -0.1739*exp + 0.3885*sqrt,0.8531826138496399
fixed_pikan,1234,0,0.5208*x + -0.0370*exp + -0.5923*tanh,0.8372892141342163
fixed_pikan,1234,0,0.0187*x^4 + 0.2767*cos + -0.2558*sqrt,0.9401809573173524
fixed_pikan,1234,0,-0.2070*exp + 0.4322*sqrt + 0.4035*tanh,0.862870454788208
fixed_pikan,1234,0,0.0963*1 + -2.1134*sin + 2.2986*tanh,0.310028076171875
fixed_pikan,1234,0,-0.4152*1 + -0.2308*x^2 + 0.9177*sqrt,0.7598656415939331
fixed_pikan,1234,1,-1.9181*1 + 0.0909*x + 0.0878*sqrt,0.8102744817733765
fixed_pikan,1234,1,-0.0947*x^3 + 0.4608*cos + 0.2018*exp,0.8459329009056091
fixed_pikan,1234,1,-0.0643*x^3 + 0.0821*cos + 0.1301*exp,0.9258736968040466
fixed_pikan,1234,1,-0.0658*x^3 + -4.9563*sin + 5.4331*tanh,0.3593005537986755
fixed_pikan,1234,1,-0.2245*1 + -2.4481*sin + 2.3722*tanh,0.6089117527008057
fixed_pikan,1234,1,-0.7405*1 + -0.0393*x^3 + 0.3936*sqrt,0.8781144618988037
fixed_pikan,1234,1,0.5491*x^2 + -0.0204*x^4 + 1.6516*cos,0.8194916844367981
fixed_pikan,1234,1,0.3275*x^2 + -0.0252*x^3 + 0.8543*cos,0.7100595235824585
fixed_pikan,1234,1,0.0236*x^3 + -0.4345*cos + -0.6056*sqrt,0.8635239601135254
fixed_pikan,1234,1,-0.1462*x^2 + 0.0471*sin + 0.3750*sqrt,0.7478928565979004
fixed_pikan,1234,1,-2.1498*1 + -0.1967*x^2 + 0.8700*sqrt,0.7553294897079468
fixed_pikan,1234,1,0.5078*1 + 1.9351*sin + -1.9266*tanh,0.5570479035377502
fixed_pikan,1234,1,-0.1646*sin + -0.1166*log + -0.3160*sqrt,0.8458256125450134
fixed_pikan,1234,1,-2.2414*sin + -0.2150*sqrt + 2.3870*tanh,0.7220008373260498
fixed_pikan,1234,1,0.0776*x^3 + -0.1423*cos + -0.1828*exp,0.7782067656517029
fixed_pikan,1234,1,-0.5544*1 + 0.5802*x + -0.8253*tanh,0.5657484531402588
fixed_pikan,1234,1,1.8170*1 + 0.0391*x^3 + -0.0421*exp,0.5522745847702026
fixed_pikan,1234,1,-0.0285*x^3 + 0.6024*cos + 1.1441*sqrt,0.7717495560646057
fixed_pikan,1234,1,0.2904*x^2 + 0.0783*log + -1.4703*sqrt,0.8965054750442505
fixed_pikan,1234,1,0.0968*exp + -0.2186*sqrt + -0.1639*tanh,0.7368170619010925
fixed_pikan,1234,1,-1.8756*1 + -0.0579*exp + 0.1718*sqrt,0.9399799108505248
fixed_pikan,1234,1,0.1773*sin + 0.4441*cos + 0.7309*sqrt,0.893808901309967
fixed_pikan,1234,1,-0.2432*x^2 + -0.0160*x^3 + 0.7029*sqrt,0.5725188255310059
fixed_pikan,1234,1,-0.0157*x^4 + -3.2259*sin + 3.3754*tanh,0.6878665685653687
fixed_pikan,1234,1,-0.0074*x^3 + -0.2535*cos + -0.5096*sqrt,0.6286095380783081
fixed_pikan,1234,1,0.3858*x + -0.2192*exp + 0.1460*log,0.6901282072067261
fixed_pikan,1234,1,1.6781*1 + -0.0837*exp + 0.3254*tanh,0.8468196392059326
fixed_pikan,1234,1,-0.5279*x + 0.5306*cos + 0.3018*exp,0.7765284776687622
fixed_pikan,1234,1,-0.6108*1 + -1.3174*sin + 1.3318*tanh,0.6406856775283813
fixed_pikan,1234,1,0.0750*1 + 0.6904*sin + -0.6784*tanh,0.7667280435562134
fixed_pikan,1234,1,-1.9172*1 + 0.0906*exp + -0.2550*tanh,0.5922529697418213
fixed_pikan,1234,1,0.4592*1 + 0.1079*exp + -0.5170*tanh,0.9655367136001588
fixed_pikan,1234,1,-0.0521*x^3 + 0.0940*cos + 0.1148*exp,0.7134741544723511
fixed_pikan,1234,1,2.1138*sin + -0.0965*cos + -2.2786*tanh,0.707823634147644
fixed_pikan,1234,1,-0.5009*1 + -0.5945*x + 0.9985*tanh,0.8436245918273926
fixed_pikan,1234,1,-0.5869*1 + -0.0941*sqrt + -0.1071*tanh,0.6255396604537964
fixed_pikan,1234,1,1.5306*1 + 0.0214*exp + -0.0284*log,0.4699885845184326
fixed_pikan,1234,1,1.1846*1 + 0.0302*x^4 + -0.7511*sqrt,0.8870471715927124
fixed_pikan,1234,1,-0.6781*1 + -0.1304*sin + 0.0565*exp,0.752072274684906
fixed_pikan,1234,1,-0.0468*x^3 + 0.1407*cos + 0.0325*exp,0.8192565441131592
fixed_pikan,1234,1,-1.6729*1 + -0.0657*sin + 0.0736*log,0.7737395167350769
fixed_pikan,1234,1,-0.3002*x + 0.4084*cos + 0.1565*exp,0.8578834533691406
fixed_pikan,1234,1,-0.1477*x^2 + 0.1778*exp + -0.3627*tanh,0.7362857460975647
fixed_pikan,1234,1,-0.1278*x + 0.0669*x^3 + -0.0704*exp,0.9165765047073364
fixed_pikan,1234,1,-0.0421*x^4 + -0.1249*sin + 0.1326*log,0.6964257955551147
fixed_pikan,1234,1,-0.4351*1 + 0.0741*x^3 + -0.1147*exp,0.526045560836792
fixed_pikan,1234,1,1.5351*1 + -0.0435*x^3 + 0.1020*exp,0.8605467677116394
fixed_pikan,1234,1,0.8738*1 + -0.3540*x + 0.6307*tanh,0.5371001958847046
fixed_pikan,1234,1,-0.7871*1 + -0.0985*x^2 + 0.5520*sqrt,0.3650946617126465
fixed_pikan,1234,1,-0.0800*x^3 + -0.0310*x^4 + 0.1486*exp,0.4879181981086731
fixed_pikan,1234,1,-1.8599*1 + 0.7773*sin + -0.6888*tanh,0.9091065526008606
fixed_pikan,1234,1,0.7175*1 + -0.4286*sqrt + 0.1286*tanh,0.6938542127609253
fixed_pikan,1234,1,0.1558*x + -0.1484*x^2 + 0.6348*sqrt,0.9702280163764954
fixed_pikan,1234,1,-0.0294*x^3 + 0.0113*x^4 + -0.4004*sqrt,0.813287615776062
fixed_pikan,1234,1,-0.3371*1 + 2.4511*sin + -2.4078*tanh,0.8209655284881592
fixed_pikan,1234,1,-0.7089*1 + -0.0364*log + -0.0921*tanh,0.6896275281906128
fixed_pikan,1234,1,1.6715*1 + -0.0366*x^3 + 0.2612*sin,0.7923741340637207
fixed_pikan,1234,1,0.3106*x^2 + -0.0310*x^3 + 0.9181*cos,0.7268822193145752
fixed_pikan,1234,1,-0.5706*1 + -0.4626*x + 0.6848*tanh,0.8337060213088989
fixed_pikan,1234,1,0.1338*1 + -0.0200*x^3 + -0.1125*sqrt,0.8705610036849976
fixed_pikan,1234,1,-1.9389*1 + 0.2086*exp + -0.5683*tanh,0.7739031910896301
fixed_pikan,1234,1,-0.0390*x^3 + 0.4713*cos + 0.1411*exp,0.789920449256897
fixed_pikan,1234,1,-0.2497*x^2 + -0.2402*sin + 0.6992*sqrt,0.9096311330795288
fixed_pikan,1234,1,-0.2323*1 + 0.0419*exp + -0.2484*tanh,0.8316090106964111
fixed_pikan,1234,1,-0.4777*1 + 1.1613*sin + -1.2878*tanh,0.5584710836410522
fixed_pikan,1234,1,-0.5567*1 + 1.3055*sin + -1.3697*tanh,0.5843526721000671
fixed_pikan,1234,1,1.7274*1 + -0.0926*exp + 0.1737*tanh,0.9049315452575684
fixed_pikan,1234,1,-0.3652*x + 0.6153*cos + 0.2845*exp,0.7142573595046997
fixed_pikan,1234,1,-0.5774*1 + -0.1436*x + -0.0102*x^4,0.9734111428260804
fixed_pikan,1234,1,-0.0610*x^3 + -0.0207*x^4 + 0.1418*exp,0.8579550385475159
fixed_pikan,1234,1,-1.7480*1 + -1.7786*sin + 1.8511*tanh,0.2124894857406616
fixed_pikan,1234,1,0.8286*1 + 4.2121*sin + -4.4699*tanh,0.4818067550659179
fixed_pikan,1234,1,0.1378*cos + 0.0636*exp + -0.2271*tanh,0.7425981760025024
fixed_pikan,1234,1,0.3539*sin + -0.1414*exp + 0.2196*sqrt,0.8211691379547119
fixed_pikan,1234,1,0.0432*x^3 + -0.2777*cos + -0.0944*exp,0.3663421869277954
fixed_pikan,1234,1,-0.0465*x^4 + -0.5147*cos + 0.0751*tanh,0.5775457620620728
fixed_pikan,1234,1,1.9163*1 + 0.2173*x^2 + -0.9036*sqrt,0.5614884495735168
fixed_pikan,1234,1,1.0435*1 + -0.0099*x^4 + -0.1047*tanh,0.8230410814285278
fixed_pikan,1234,1,-0.3674*cos + -0.1422*exp + 0.4169*tanh,0.4968648552894592
fixed_pikan,1234,1,-0.1081*cos + -0.0200*exp + -0.0835*log,0.6486151814460754
fixed_pikan,1234,1,-1.8640*1 + 0.9317*sin + -0.8926*tanh,0.6788848638534546
fixed_pikan,1234,1,0.0191*x^3 + 0.5194*cos + 0.6975*sqrt,0.6552863121032715
fixed_pikan,1234,1,0.1120*sin + -0.0483*log + 0.3825*sqrt,0.9831249713897704
fixed_pikan,1234,1,0.0530*x^3 + -0.1301*exp + 0.4343*sqrt,0.808986246585846
fixed_pikan,1234,1,-0.4540*1 + 0.1215*sin + 0.2022*sqrt,0.9480313658714294
fixed_pikan,1234,1,-0.7415*1 + -0.0760*x^3 + 0.1108*exp,0.8687560558319092
fixed_pikan,1234,1,0.6108*x^2 + 0.0185*x^3 + 1.5553*cos,0.575577974319458
fixed_pikan,1234,1,1.1756*1 + -0.6966*x + 1.0575*tanh,0.3761508464813232
fixed_pikan,1234,1,-0.9397*1 + -0.2811*x^2 + 1.1066*sqrt,0.6069077253341675
fixed_pikan,1234,1,-0.3180*x + 0.2802*sqrt + 0.3474*tanh,0.9820792078971864
fixed_pikan,1234,1,-1.9446*1 + 0.3177*x + -0.4102*tanh,0.737864077091217
fixed_pikan,1234,1,-0.3011*x + 0.4667*cos + 0.1959*exp,0.4885080456733703
fixed_pikan,1234,1,0.0797*1 + 0.0259*exp + -0.0470*log,0.3116445541381836
fixed_pikan,1234,1,0.0316*x^4 + -0.1700*exp + 0.4766*tanh,0.8645666837692261
fixed_pikan,1234,1,-0.4242*1 + 0.0638*exp + -0.1472*sqrt,0.9218133091926576
fixed_pikan,1234,1,-0.7291*1 + 0.6158*x + -1.0499*tanh,0.8364001512527466
fixed_pikan,1234,1,0.4932*x^2 + 1.6334*cos + -0.1350*tanh,0.9555635452270508
fixed_pikan,1234,1,0.6346*cos + -0.0320*log + 0.9177*sqrt,0.8319207429885864
fixed_pikan,1234,1,-0.6707*1 + -0.0250*exp + 0.2114*sqrt,0.6825869083404541
fixed_pikan,1234,1,0.1138*1 + -0.1770*x + 0.2852*tanh,0.8670809268951416
fixed_pikan,1234,2,-0.1539*x^3 + 0.5487*cos + 0.3243*exp,0.9035272002220154
fixed_pikan,1234,2,0.8465*1 + -2.2948*sin + 2.4030*tanh,0.265162706375122
fixed_pikan,1234,2,0.6917*1 + -0.1167*sin + -0.0850*log,0.6150193214416504
fixed_pikan,1234,2,-0.1096*x^3 + 0.7291*cos + 0.1910*exp,0.9319856762886048
fixed_pikan,1234,2,0.8687*1 + -0.2391*sin + 0.0511*exp,0.8623321056365967
fixed_pikan,1234,2,1.1260*1 + 0.0168*x^4 + -0.5533*sqrt,0.8981436491012573
fixed_pikan,1234,2,0.8303*1 + 0.3390*x + -0.5897*tanh,0.2500410676002502
fixed_pikan,1234,2,0.9310*1 + -1.5552*sin + 1.5941*tanh,0.4220492243766784
fixed_pikan,1234,2,-0.2552*x^2 + -0.1928*log + 1.5915*sqrt,0.7702635526657104
fixed_pikan,1234,2,0.9711*1 + 0.1686*x + -0.2649*sin,0.6841304898262024
fixed_pikan,42,0,-0.6321*x + 0.9311*sin + 0.1168*exp,0.9287713766098022
fixed_pikan,42,0,0.1231*x^3 + 6.5665*sin + -7.5749*tanh,0.6739624738693237
fixed_pikan,42,0,0.1497*exp + -0.4502*sqrt + -0.3813*tanh,0.4783122539520263
fixed_pikan,42,0,-0.0553*x + 0.0514*x^3 + -0.0507*exp,0.7821415066719055
fixed_pikan,42,0,0.0292*x^3 + 0.0354*log + 0.1018*sqrt,0.8396551609039307
fixed_pikan,42,0,-0.0867*x^3 + -4.9672*sin + 5.6250*tanh,0.5022717714309692
fixed_pikan,42,0,-0.0787*sin + 0.1552*cos + 0.1326*log,0.7595682144165039
fixed_pikan,42,0,0.3564*1 + -0.3165*cos + -0.3322*sqrt,0.3942890167236328
fixed_pikan,42,0,0.8045*1 + -0.5393*cos + -0.4837*sqrt,0.7804343104362488
fixed_pikan,42,0,0.0421*x + -0.0328*x^2 + -0.1898*tanh,0.990927755832672
fixed_pikan,42,1,0.4864*1 + 0.5053*x + -0.9418*tanh,0.7951903343200684
fixed_pikan,42,1,0.1201*exp + -0.5374*sqrt + -0.2927*tanh,0.868716835975647
fixed_pikan,42,1,0.3789*1 + -2.2176*sin + 2.3254*tanh,0.2371559739112854
fixed_pikan,42,1,0.6815*1 + -0.1404*exp + 0.3853*tanh,0.7080864310264587
fixed_pikan,42,1,-0.3475*1 + -0.0459*x^2 + 0.1185*exp,0.8494919538497925
fixed_pikan,42,1,-0.9307*1 + -0.2344*sqrt + -0.1120*tanh,0.7974742650985718
fixed_pikan,42,1,-1.0007*1 + -0.0431*x^3 + 0.0862*exp,0.5425115823745728
fixed_pikan,42,1,0.0149*x^4 + -1.5274*sin + 1.5490*tanh,0.5981669425964355
fixed_pikan,42,1,-0.0714*sin + -0.4762*cos + -0.3954*sqrt,0.4256149530410766
fixed_pikan,42,1,0.1763*sin + -0.4999*cos + -0.4045*sqrt,0.9406945705413818
fixed_pikan,42,1,-0.7881*x + -0.0967*x^4 + 0.4842*exp,0.6687822341918945
fixed_pikan,42,1,-0.3542*sin + 0.1232*exp + -0.4335*sqrt,0.7469075918197632
fixed_pikan,42,1,0.5008*1 + -0.1168*sin + 0.2007*sqrt,0.9059793949127196
fixed_pikan,42,1,0.2449*x^2 + 0.6210*cos + -0.3772*sqrt,0.9479137063026428
fixed_pikan,42,1,0.5150*x + -0.2352*cos + -0.9936*tanh,0.9499489068984984
fixed_pikan,42,1,-1.0308*1 + -0.0598*sin + 0.1558*sqrt,0.932898998260498
fixed_pikan,42,1,0.2269*x + -0.6221*cos + -0.1710*exp,0.8402259349822998
fixed_pikan,42,1,-0.1447*x^3 + -4.9439*sin + 5.7143*tanh,0.6966091394424438
fixed_pikan,42,1,-0.4027*1 + -4.7468*sin + 4.9365*tanh,0.595890998840332
fixed_pikan,42,1,-0.7439*1 + -0.1191*x^2 + 0.3944*sqrt,0.4109787940979004
fixed_pikan,42,1,0.4782*1 + 0.0048*x^3 + -0.1755*sqrt,0.1975361704826355
fixed_pikan,42,1,0.0398*x^3 + -0.0701*exp + -0.0404*log,0.8076822757720947
fixed_pikan,42,1,0.3948*1 + -0.0804*x + -0.0503*log,0.774931788444519
fixed_pikan,42,1,-0.0684*sin + 0.3637*cos + 0.5316*sqrt,0.8602899312973022
fixed_pikan,42,1,0.3437*x + 0.0156*x^4 + -0.2017*exp,0.9487309455871582
fixed_pikan,42,1,-0.7713*1 + 0.6038*x + -0.8612*tanh,0.293556272983551
fixed_pikan,42,1,0.0802*sin + -0.5385*cos + -0.9196*sqrt,0.8783031105995178
fixed_pikan,42,1,-0.0243*x^4 + 0.1046*sin + 0.4838*sqrt,0.9235362410545348
fixed_pikan,42,1,-0.1193*x^2 + 0.0018*x^3 + -0.4863*cos,0.4058166146278381
fixed_pikan,42,1,0.0846*x^3 + -0.3556*cos + -0.1773*exp,0.5938131809234619
fixed_pikan,42,1,0.5598*1 + 0.0291*exp + -0.5392*sqrt,0.9190822839736938
fixed_pikan,42,1,0.1112*1 + -0.3284*x + 0.6839*tanh,0.8497471213340759
fixed_pikan,42,1,-0.0723*sin + 0.4344*cos + 0.5168*sqrt,0.5576058626174927
fixed_pikan,42,1,-0.1916*x^2 + -0.0862*log + 1.0084*sqrt,0.9215892553329468
fixed_pikan,42,1,-0.1951*cos + 0.0226*exp + -0.1455*sqrt,0.958298921585083
fixed_pikan,42,1,0.0244*x^3 + -0.6298*cos + -0.9176*sqrt,0.6320615410804749
fixed_pikan,42,1,-0.9696*1 + -0.1334*sin + 0.3255*sqrt,0.9727455973625184
fixed_pikan,42,1,-0.1668*1 + 0.2310*cos + 0.2383*sqrt,0.8569203615188599
fixed_pikan,42,1,-0.4766*1 + 0.2753*sin + -0.0720*exp,0.8500736951828003
fixed_pikan,42,1,-0.5647*1 + 0.1702*sin + 0.0256*log,0.964982271194458
fixed_pikan,42,1,0.5084*1 + 0.1672*x + -0.4274*sin,0.9343700408935548
fixed_pikan,42,1,-0.1797*1 + -0.1975*x^2 + 0.7810*sqrt,0.7706478238105774
fixed_pikan,42,1,0.6035*1 + -2.4966*sin + 2.8384*tanh,0.6937862634658813
fixed_pikan,42,1,0.4797*1 + -1.9006*sin + 2.2723*tanh,0.795915961265564
fixed_pikan,42,1,-2.0266*sin + -0.1929*cos + 2.1684*tanh,0.6376701593399048
fixed_pikan,42,1,-0.9590*1 + -0.0744*x + -0.1309*sqrt,0.8999361395835876
fixed_pikan,42,1,0.0804*x + -0.6286*cos + -0.5874*sqrt,0.7657942175865173
fixed_pikan,42,1,-0.0466*x + -0.1537*x^2 + 0.5877*sqrt,0.897587239742279
fixed_pikan,42,1,-0.5231*1 + 1.7049*sin + -1.7046*tanh,0.6610788106918335
fixed_pikan,42,1,0.0616*x^3 + -0.4713*cos + -0.1157*exp,0.8976449966430664
fixed_pikan,42,1,0.0047*x^3 + 0.3144*cos + 0.4152*sqrt,0.6918864250183105
fixed_pikan,42,1,0.1257*exp + -0.4827*sqrt + -0.3334*tanh,0.8390690684318542
fixed_pikan,42,1,0.2013*x^2 + 0.4894*cos + -0.0812*tanh,0.5736537575721741
fixed_pikan,42,1,0.6458*1 + -0.2808*x + 0.5053*tanh,0.5787261724472046
fixed_pikan,42,1,-0.2084*1 + -0.3421*x + 0.5926*tanh,0.2717862725257873
fixed_pikan,42,1,-1.1784*1 + -0.0607*x^3 + 0.1066*exp,0.4058647751808166
fixed_pikan,42,1,-0.8152*1 + 0.0845*x + -0.0304*x^3,0.5801400542259216
fixed_pikan,42,1,-0.6350*x + 0.1054*exp + 0.6331*tanh,0.8483742475509644
fixed_pikan,42,1,0.0270*x^3 + -0.2875*cos + -0.6271*sqrt,0.3337101936340332
fixed_pikan,42,1,-0.8508*1 + -0.1666*x^2 + 0.7340*sqrt,0.4450706839561462
fixed_pikan,42,1,0.5116*1 + 0.0215*x^3 + -0.0410*exp,0.6550709009170532
fixed_pikan,42,1,-0.0344*x^3 + -1.3330*sin + 1.5618*tanh,0.6428236961364746
fixed_pikan,42,1,0.2688*1 + -0.0260*x^3 + 0.3025*cos,0.9320018887519836
fixed_pikan,42,1,-0.2404*sin + 0.1019*exp + -0.1389*log,0.6740831136703491
fixed_pikan,42,1,-0.1067*1 + -0.3149*x + 0.5413*tanh,0.6052447557449341
fixed_pikan,42,1,-0.6935*1 + -0.2766*cos + -0.1056*sqrt,0.5755316019058228
fixed_pikan,42,1,-0.8812*1 + -0.0263*x^3 + 0.0461*exp,0.7318630814552307
fixed_pikan,42,1,0.0116*x^4 + 0.1760*cos + -0.1492*sqrt,0.9773905277252196
fixed_pikan,42,1,-0.1658*x^2 + 0.0065*x^4 + -0.4972*cos,0.6673303842544556
fixed_pikan,42,1,-0.7105*1 + -0.0259*exp + 0.3294*sqrt,0.8746922016143799
fixed_pikan,42,1,0.4533*1 + -0.8997*sin + 1.0537*tanh,0.8830645084381104
fixed_pikan,42,1,0.1430*1 + -0.0771*exp + 0.1269*tanh,0.6321255564689636
fixed_pikan,42,1,0.6148*1 + 0.0401*x^3 + -0.0822*exp,0.9285784959793092
fixed_pikan,42,1,0.0366*x^4 + 0.0720*sin + 0.4239*cos,0.6743086576461792
fixed_pikan,42,1,0.2119*x^2 + 0.0935*x^3 + -0.1609*exp,0.7895674705505371
fixed_pikan,42,1,0.0257*x^3 + -0.6678*cos + -0.8409*sqrt,0.5268162488937378
fixed_pikan,42,1,-0.9605*1 + 0.3631*sqrt + -0.0919*tanh,0.8764138221740723
fixed_pikan,42,1,-0.0811*x^2 + -0.0111*x^3 + 0.4132*sqrt,0.9064773321151732
fixed_pikan,42,1,-0.4109*1 + -0.0293*x^3 + -0.0753*cos,0.7207736968994141
fixed_pikan,42,1,-0.7162*1 + 0.2957*x + -0.6868*tanh,0.8284918069839478
fixed_pikan,42,1,0.6617*1 + 0.1899*x^2 + -0.7926*sqrt,0.7184596061706543
fixed_pikan,42,1,-0.1377*x^2 + 0.1920*sqrt + -0.1035*tanh,0.7383469343185425
fixed_pikan,42,1,-0.0770*x^3 + 0.2553*cos + 0.1764*exp,0.8217965960502625
fixed_pikan,42,1,-0.1168*x^3 + 0.2445*cos + 0.1983*exp,0.7551776766777039
fixed_pikan,42,1,-0.2556*1 + -0.0459*exp + 0.3221*sqrt,0.940622866153717
fixed_pikan,42,1,-0.8964*1 + 1.5586*sin + -1.6869*tanh,0.3290411233901977
fixed_pikan,42,1,-0.7872*1 + 0.0472*x^3 + -0.0683*exp,0.8297190070152283
fixed_pikan,42,1,-0.1537*x^2 + -0.3418*sin + 0.1159*exp,0.9275335073471068
fixed_pikan,42,1,-0.7141*1 + -0.2126*x^2 + 0.7635*sqrt,0.377707302570343
fixed_pikan,42,1,-0.7374*1 + 0.3358*x + -0.5442*tanh,0.5401370525360107
fixed_pikan,42,1,0.2201*x^2 + 0.4416*cos + -0.0493*exp,0.6407408714294434
fixed_pikan,42,1,-0.2371*x + 0.1057*x^2 + 0.3390*tanh,0.9604541659355164
fixed_pikan,42,1,0.3969*1 + 0.0561*exp + -0.1018*tanh,0.5019532442092896
fixed_pikan,42,1,0.5028*1 + -0.0586*x^3 + 0.1683*sin,0.8288100361824036
fixed_pikan,42,1,-0.2292*cos + 0.0598*exp + -0.1592*sqrt,0.9731274843215942
fixed_pikan,42,1,-0.9655*1 + -0.2911*x + 0.0796*x^3,0.8536598682403564
fixed_pikan,42,1,-0.3452*x^2 + -0.1269*sin + -0.8021*cos,0.6511450409889221
fixed_pikan,42,1,-0.6369*x + 0.1190*exp + 0.5490*tanh,0.6833038330078125
fixed_pikan,42,1,-0.3092*1 + 0.0644*sin + 0.0700*log,0.8669891953468323
fixed_pikan,42,1,-0.5444*1 + 0.3397*x + -0.4713*tanh,0.7166752815246582
fixed_pikan,42,2,-0.5494*x + -0.0711*x^4 + 0.3366*exp,0.5523337125778198
fixed_pikan,42,2,0.8234*x + -0.1522*sqrt + -1.5089*tanh,0.862472653388977
fixed_pikan,42,2,-0.1480*x^3 + -6.1511*sin + 7.1934*tanh,0.7358417510986328
fixed_pikan,42,2,-2.4163*sin + 0.2175*cos + 2.4085*tanh,0.7484033107757568
fixed_pikan,42,2,-0.2782*x + 0.2080*exp + -0.3211*sqrt,0.7805964946746826
fixed_pikan,42,2,-0.3527*x + -0.0215*x^4 + 0.1701*exp,0.9894042015075684
fixed_pikan,42,2,0.1334*1 + 1.3936*sin + -1.4050*tanh,0.5555126070976257
fixed_pikan,42,2,-0.1829*x^2 + -0.0098*x^3 + 0.6578*sqrt,0.699167788028717
fixed_pikan,42,2,0.8013*x + 0.0882*cos + -1.3410*tanh,0.908394455909729
fixed_pikan,42,2,0.2154*1 + -0.3606*x + 0.6146*tanh,0.6285539865493774
fixed_pikan,456,0,-0.1374*x^2 + -0.4101*sin + 0.1410*exp,0.8185009956359863
fixed_pikan,456,0,-0.6561*1 + -0.1695*x^2 + 0.8266*sqrt,0.6647628545761108
fixed_pikan,456,0,-0.5389*1 + 0.0639*sin + 0.4281*sqrt,0.9359896183013916
fixed_pikan,456,0,0.2085*exp + -0.5132*sqrt + -0.6293*tanh,0.9197390079498292
fixed_pikan,456,0,-0.2039*x^2 + -0.2737*cos + 0.5165*sqrt,0.9149222373962402
fixed_pikan,456,0,-1.6374*sin + -0.0564*log + 1.5708*tanh,0.8764628171920776
fixed_pikan,456,0,-0.6385*x + 0.3465*exp + -0.6599*sqrt,0.8694188594818115
fixed_pikan,456,0,0.0854*1 + 0.4656*x + -0.7682*tanh,0.598382294178009
fixed_pikan,456,0,-2.2156*sin + -0.1009*log + 2.3255*tanh,0.6241350769996643
fixed_pikan,456,0,-0.1947*x + -0.1538*x^2 + 0.1081*exp,0.7785684466362
fixed_pikan,456,1,-0.7836*1 + 0.2089*x + -0.1176*exp,0.8263209462165833
fixed_pikan,456,1,-0.4952*1 + -0.0177*x^3 + 0.0360*exp,0.7089266777038574
fixed_pikan,456,1,0.0435*x^3 + 1.7817*sin + -2.1841*tanh,0.831477165222168
fixed_pikan,456,1,-0.1587*sin + 0.6981*cos + 1.0343*sqrt,0.7488054037094116
fixed_pikan,456,1,0.2241*x^2 + 0.1506*x^3 + -0.2840*exp,0.5918242931365967
fixed_pikan,456,1,0.4516*1 + 0.0975*x^2 + -0.4739*sqrt,0.3126965165138244
fixed_pikan,456,1,0.6357*1 + -0.7064*x + 1.0736*tanh,0.6274616718292236
fixed_pikan,456,1,0.0913*x^3 + -0.2225*exp + 0.1781*log,0.7327836751937866
fixed_pikan,456,1,0.6384*x + 0.0807*x^4 + -0.3633*exp,0.7886762619018555
fixed_pikan,456,1,0.1122*x^2 + -0.0148*x^3 + -0.1776*sqrt,0.9167001843452454
fixed_pikan,456,1,-1.0363*1 + -2.7950*sin + 2.9791*tanh,0.5318551659584045
fixed_pikan,456,1,0.0769*x^3 + -0.1872*cos + -0.1681*exp,0.7574817538261414
fixed_pikan,456,1,0.1385*sin + -0.0362*log + -0.0898*sqrt,0.9349044561386108
fixed_pikan,456,1,1.0296*1 + 0.2315*x + -0.4323*tanh,0.5561683177947998
fixed_pikan,456,1,0.2529*sin + -0.0596*exp + 0.1447*log,0.8609801530838013
fixed_pikan,456,1,0.3216*1 + 0.8866*sin + -0.8993*tanh,0.6519546508789062
fixed_pikan,456,1,0.8354*1 + 0.0184*exp + -0.4231*sqrt,0.7417352795600891
fixed_pikan,456,1,-0.7691*1 + 0.0382*exp + -0.0098*log,0.9415274262428284
fixed_pikan,456,1,-0.3623*1 + 0.2955*x + -0.4206*tanh,0.8479236364364624
fixed_pikan,456,1,1.0731*sin + -0.1922*sqrt + -0.9645*tanh,0.836705207824707
fixed_pikan,456,1,-0.9874*1 + 0.5237*x + -0.8873*sin,0.8268181681632996
fixed_pikan,456,1,-0.2837*1 + 0.0572*log + -0.0653*tanh,0.2816051840782165
fixed_pikan,456,1,0.2605*x + -0.6186*sin + 0.1442*cos,0.964873194694519
fixed_pikan,456,1,1.1060*1 + 0.1737*x + -0.1830*tanh,0.7569244503974915
fixed_pikan,456,1,-0.3246*cos + 0.0361*exp + -0.6460*sqrt,0.6094958782196045
fixed_pikan,456,1,-0.0523*x^2 + -0.0631*log + 0.4901*sqrt,0.922974407672882
fixed_pikan,456,1,0.6345*cos + -0.0579*exp + 0.6570*sqrt,0.9203181266784668
fixed_pikan,456,1,-0.5148*1 + 0.0627*log + -0.1375*tanh,0.7585092186927795
fixed_pikan,456,1,0.1966*x^2 + -0.1085*sin + -0.8266*sqrt,0.7766317129135132
fixed_pikan,456,1,0.4857*x + -0.0854*exp + -0.5675*tanh,0.9470544457435608
fixed_pikan,456,1,-0.9296*1 + 0.0669*x + -0.0664*cos,0.6142244935035706
fixed_pikan,456,1,0.0393*x^3 + -0.4175*cos + -0.0475*exp,0.955780863761902
fixed_pikan,456,1,-0.1612*x^2 + -0.0486*exp + 0.4830*sqrt,0.936495840549469
fixed_pikan,456,1,1.3409*1 + 0.2094*x^2 + -0.8069*sqrt,0.7621001601219177
fixed_pikan,456,1,-0.0234*x^3 + -0.0287*x^4 + 0.1409*log,0.4831380844116211
fixed_pikan,456,1,-0.1931*x^2 + -0.0407*log + 0.7454*sqrt,0.5604169368743896
fixed_pikan,456,1,1.0787*1 + -0.2855*cos + -0.1952*sqrt,0.8564602732658386
fixed_pikan,456,1,-0.8259*1 + -0.0858*x^2 + 0.4556*sqrt,0.8684008121490479
fixed_pikan,456,1,-0.2782*1 + 0.3018*x + -0.3664*tanh,0.4297490119934082
fixed_pikan,456,1,0.0814*x^3 + -0.1809*exp + 0.5538*sqrt,0.8195267915725708
fixed_pikan,456,1,-0.0623*exp + 0.2761*log + -0.5959*sqrt,0.7154212594032288
fixed_pikan,456,1,-0.3994*1 + -0.0989*x^2 + -0.0398*sin,0.8973979353904724
fixed_pikan,456,1,-0.0502*x^2 + 0.0064*x^3 + 0.2704*sqrt,0.5301198959350586
fixed_pikan,456,1,1.0463*1 + 0.2334*x + -0.4517*tanh,0.8074756860733032
fixed_pikan,456,1,-0.3877*1 + -0.2008*x + 0.2384*tanh,0.6606206297874451
fixed_pikan,456,1,-0.2041*sin + 0.2256*cos + 0.0739*exp,0.6600202322006226
fixed_pikan,456,1,0.8306*1 + 0.2598*x + -0.3798*tanh,0.2855799198150635
fixed_pikan,456,1,-0.2763*x^2 + 0.0477*sin + -0.6334*cos,0.6052267551422119
fixed_pikan,456,1,-0.2708*1 + -0.0314*exp + 0.1112*tanh,0.4192190766334533
fixed_pikan,456,1,0.0087*x^4 + 0.0293*exp + -0.4653*sqrt,0.9045429229736328
fixed_pikan,456,1,-0.3607*x^2 + -0.0203*x^3 + -0.9179*cos,0.6590772867202759
fixed_pikan,456,1,-0.5447*1 + 0.3447*sqrt + -0.1093*tanh,0.783276379108429
fixed_pikan,456,1,-0.0967*x^3 + -4.7451*sin + 5.3187*tanh,0.659818172454834
fixed_pikan,456,1,1.0311*1 + 0.3950*x + -0.5580*tanh,0.407640278339386
fixed_pikan,456,1,-0.5356*1 + -0.0765*x^2 + 0.3750*sqrt,0.6031014323234558
fixed_pikan,456,1,0.4922*1 + 0.2866*sin + -0.0774*exp,0.771621823310852
fixed_pikan,456,1,-0.5678*x + 0.3266*cos + 0.2687*exp,0.9105900526046752
fixed_pikan,456,1,-0.3899*cos + -0.1385*exp + 0.3779*tanh,0.63881516456604
fixed_pikan,456,1,-0.3642*1 + -0.0547*x^3 + 0.1563*sqrt,0.8098713755607605
fixed_pikan,456,1,0.0505*cos + 0.0429*log + 0.0755*tanh,0.8742193579673767
fixed_pikan,456,1,0.4048*x + -0.5332*cos + -0.2812*exp,0.4884580969810486
fixed_pikan,456,1,-0.4911*1 + -0.2760*x + 0.5322*sin,0.8646559715270996
fixed_pikan,456,1,2.4399*sin + 0.1414*exp + -3.0979*tanh,0.875685453414917
fixed_pikan,456,1,1.0545*1 + 0.3656*x + -0.5984*tanh,0.5207297205924988
fixed_pikan,456,1,-0.3726*1 + 0.0225*sin + -0.1202*sqrt,0.5813676118850708
fixed_pikan,456,1,0.0187*sin + -0.0538*log + 0.5382*sqrt,0.8617587089538574
fixed_pikan,456,1,0.8236*1 + 0.0707*x^3 + -0.0923*exp,0.3779948353767395
fixed_pikan,456,1,-0.2792*x^2 + 0.0109*x^3 + -0.6213*cos,0.4731101989746094
fixed_pikan,456,1,0.0750*log + -0.4436*sqrt + -0.0562*tanh,0.8100683689117432
fixed_pikan,456,1,0.5384*x + 0.0355*x^2 + -0.7988*tanh,0.8118494749069214
fixed_pikan,456,1,-1.1561*1 + 0.0699*exp + -0.2134*tanh,0.6825577616691589
fixed_pikan,456,1,0.0993*x^3 + -0.1933*cos + -0.2158*exp,0.9109861254692078
fixed_pikan,456,1,-0.2419*x + 0.2078*sqrt + 0.3934*tanh,0.9694277048110962
fixed_pikan,456,1,0.4713*x^2 + 1.2515*cos + -0.5194*sqrt,0.9143706560134888
fixed_pikan,456,1,-0.3961*1 + -0.1285*sqrt + -0.0430*tanh,0.5032479166984558
fixed_pikan,456,1,0.0937*exp + -0.0880*log + -0.2498*tanh,0.7247440814971924
fixed_pikan,456,1,-0.1052*sin + 0.5011*cos + 0.7634*sqrt,0.9189926385879515
fixed_pikan,456,1,0.1425*1 + -0.6723*cos + -0.5584*sqrt,0.9447787404060364
fixed_pikan,456,1,0.0357*x^3 + -0.1146*exp + 0.0814*log,0.8532798290252686
fixed_pikan,456,1,-0.0100*x^4 + -0.1053*cos + 0.1478*sqrt,0.8979467153549194
fixed_pikan,456,1,-0.7367*1 + 0.0790*x^3 + -0.1310*exp,0.6892727613449097
fixed_pikan,456,1,-0.5952*1 + 0.1266*cos + 0.0650*sqrt,0.3096479177474975
fixed_pikan,456,1,0.4931*x + 0.1725*sqrt + -0.9983*tanh,0.9699321389198304
fixed_pikan,456,1,0.5148*cos + -0.1004*log + 1.1355*sqrt,0.6434905529022217
fixed_pikan,456,1,-0.4097*1 + -0.6632*x + 1.2491*tanh,0.8605570793151855
fixed_pikan,456,1,0.3763*1 + 0.0194*x^3 + -0.0297*exp,0.4685624241828918
fixed_pikan,456,1,0.9478*1 + 0.1711*x^2 + -0.7070*sqrt,0.371374249458313
fixed_pikan,456,1,0.4881*x^2 + 0.0525*x^3 + -1.7424*sqrt,0.7875495553016663
fixed_pikan,456,1,-0.3715*1 + 0.2485*sqrt + -0.0645*tanh,0.5965460538864136
fixed_pikan,456,1,-1.3596*sin + -0.0608*cos + 1.5190*tanh,0.791193425655365
fixed_pikan,456,1,-1.0500*1 + 0.0136*exp + -0.0161*log,0.4758570790290832
fixed_pikan,456,1,-0.0440*sin + -0.3436*cos + -0.3742*sqrt,0.6720708608627319
fixed_pikan,456,1,-0.6171*x + 0.1418*cos + 1.0743*tanh,0.7846819162368774
fixed_pikan,456,1,1.0914*1 + 0.2884*x + -0.3867*tanh,0.4791679382324219
fixed_pikan,456,1,-0.4643*1 + -0.2127*sin + 0.0485*exp,0.9393348693847656
fixed_pikan,456,1,-2.5674*sin + 0.3171*cos + 2.8193*tanh,0.8261066675186157
fixed_pikan,456,1,0.6676*1 + 0.1255*exp + -0.4016*tanh,0.8950513601303101
fixed_pikan,456,1,-0.2398*x^2 + -0.5987*cos + 0.1753*tanh,0.8411679267883301
fixed_pikan,456,1,-0.0419*x + -0.2269*cos + -0.4380*sqrt,0.4229736328125
fixed_pikan,456,1,-0.1672*x^2 + 2.6092*sin + -2.5583*tanh,0.8225488662719727
fixed_pikan,456,2,1.0554*1 + -0.1065*x^2 + 0.0197*x^3,0.902985453605652
fixed_pikan,456,2,-0.4234*x + 0.5688*cos + 0.2443*exp,0.4814044833183288
fixed_pikan,456,2,1.0093*1 + -0.6006*x + 1.0740*tanh,0.9741102457046508
fixed_pikan,456,2,0.1623*x + 0.2848*x^2 + 1.0076*cos,0.8921693563461304
fixed_pikan,456,2,1.1754*1 + 0.0525*sin + 0.0613*log,0.3751010298728943
fixed_pikan,456,2,-0.3551*x + 0.7516*cos + 0.2564*exp,0.951686143875122
fixed_pikan,456,2,1.4247*1 + -0.3516*cos + -0.2307*sqrt,0.922844648361206
fixed_pikan,456,2,1.1454*1 + 0.0106*x^4 + -0.4276*sqrt,0.7168633341789246
fixed_pikan,456,2,1.0966*1 + 0.0379*x^3 + -0.2217*sqrt,0.9700942635536194
fixed_pikan,456,2,1.0530*1 + 0.0524*x^3 + -0.0664*exp,0.7649644017219543
fixed_pikan,789,0,-0.0564*1 + 0.2404*x + -0.4355*tanh,0.7975959181785583
fixed_pikan,789,0,0.5137*x^2 + 0.7609*cos + -1.2219*sqrt,0.8016318082809448
fixed_pikan,789,0,-0.0032*x^4 + 0.0847*sin + 0.1430*log,0.8297760486602783
fixed_pikan,789,0,0.0435*exp + -0.2475*sqrt + -0.1507*tanh,0.9007895588874816
fixed_pikan,789,0,0.1200*x^3 + -0.2215*exp + 0.5347*sqrt,0.7295445203781128
fixed_pikan,789,0,0.1288*x + -0.0992*exp + 0.1941*sqrt,0.8157265782356262
fixed_pikan,789,0,-0.0441*x^3 + 0.0479*exp + -0.1084*log,0.4960663318634033
fixed_pikan,789,0,-0.0950*x^3 + 0.1486*exp + -0.1891*sqrt,0.768917977809906
fixed_pikan,789,0,1.5552*sin + -0.1280*sqrt + -1.4451*tanh,0.9158036708831788
fixed_pikan,789,0,-0.1170*1 + 0.4474*x + -0.7754*tanh,0.8265621662139893
fixed_pikan,789,1,-0.6584*1 + -0.0324*x^3 + -0.3152*sqrt,0.9053236842155457
fixed_pikan,789,1,-0.2642*x + -0.1717*cos + 0.4128*tanh,0.6415367722511292
fixed_pikan,789,1,0.1273*x^2 + -0.5876*sqrt + 0.0778*tanh,0.362542986869812
fixed_pikan,789,1,-0.6423*1 + 0.0188*x^3 + 0.2986*sqrt,0.8358674049377441
fixed_pikan,789,1,0.1421*x^2 + 0.0547*log + -0.9485*sqrt,0.8905298709869385
fixed_pikan,789,1,-1.2336*1 + -0.6438*x + 1.0367*tanh,0.663867712020874
fixed_pikan,789,1,-0.2730*1 + 0.4526*x + -0.7370*tanh,0.6245483160018921
fixed_pikan,789,1,0.1512*1 + -2.0194*sin + 2.0224*tanh,0.6433780193328857
fixed_pikan,789,1,-0.4475*1 + -0.6034*sin + 0.1737*exp,0.8764753341674805
fixed_pikan,789,1,-0.0204*x^4 + 0.0985*log + -0.0649*tanh,0.7491533756256104
fixed_pikan,789,1,-0.9359*1 + -0.1309*x^2 + 0.6793*sqrt,0.5500863194465637
fixed_pikan,789,1,-0.1386*1 + 0.1802*x + -0.3274*tanh,0.8034138083457947
fixed_pikan,789,1,-0.4034*1 + 0.0070*x^3 + 0.1965*cos,0.8511309027671814
fixed_pikan,789,1,0.1193*x^3 + -0.3596*cos + -0.2647*exp,0.8976002335548401
fixed_pikan,789,1,0.0326*x^3 + -0.2775*cos + -0.1214*exp,0.9830365180969238
fixed_pikan,789,1,-1.4190*1 + -0.1299*x + 0.3469*tanh,0.8616980314254761
fixed_pikan,789,1,0.0800*x + -0.0067*x^4 + 0.1153*log,0.816394567489624
fixed_pikan,789,1,0.1963*x^2 + 0.3849*cos + -0.4007*sqrt,0.9228757619857788
fixed_pikan,789,1,0.1150*x^3 + 0.0477*x^4 + -0.2499*exp,0.8548610210418701
fixed_pikan,789,1,0.1774*x^2 + 0.4562*sin + -0.2018*exp,0.764484167098999
fixed_pikan,789,1,-0.9553*1 + -0.3216*x + 0.1546*exp,0.7976417541503906
fixed_pikan,789,1,0.0474*x^4 + -0.2150*exp + 0.5896*tanh,0.5817296504974365
fixed_pikan,789,1,-0.1322*1 + -0.2269*x + 0.3199*tanh,0.2740630507469177
fixed_pikan,789,1,-0.4196*cos + -0.4648*sqrt + 0.0601*tanh,0.6832667589187622
fixed_pikan,789,1,-0.0782*sin + -0.3802*cos + -0.4495*sqrt,0.6748331785202026
fixed_pikan,789,1,-0.4795*x^2 + 0.0189*x^3 + -1.2526*cos,0.5910470485687256
fixed_pikan,789,1,-0.0687*x + -0.0762*x^2 + -0.2990*cos,0.6041703820228577
fixed_pikan,789,1,0.4608*1 + 0.1538*x^2 + -0.6543*sqrt,0.8106727600097656
fixed_pikan,789,1,-0.0222*x^3 + 0.0417*x^4 + -0.6779*sqrt,0.6831570863723755
fixed_pikan,789,1,-0.1823*1 + -1.7519*sin + 1.8324*tanh,0.5358536839485168
fixed_pikan,789,1,-0.2325*x^2 + -0.1451*sin + -0.6438*cos,0.8497262001037598
fixed_pikan,789,1,-0.2667*1 + 0.3931*x + -0.6636*tanh,0.4451271295547485
fixed_pikan,789,1,-0.1489*1 + 0.1514*x + -0.2201*tanh,0.4705736637115478
fixed_pikan,789,1,0.2779*x + -0.4574*cos + -0.1496*exp,0.9722049236297609
fixed_pikan,789,1,-0.3789*1 + -0.2258*x + 0.3887*tanh,0.4354121088981628
fixed_pikan,789,1,-1.2670*1 + 3.8182*sin + -3.9047*tanh,0.3777621984481811
fixed_pikan,789,1,-0.2477*1 + 2.7373*sin + -2.7414*tanh,0.7388663291931152
fixed_pikan,789,1,0.0569*x^2 + 0.1213*sin + -0.1045*log,0.751268744468689
fixed_pikan,789,1,0.0460*x^3 + -0.1094*exp + 0.2265*sqrt,0.7608206868171692
fixed_pikan,789,1,-0.6690*1 + 0.3093*cos + 0.2761*sqrt,0.5913758277893066
fixed_pikan,789,1,-0.8343*1 + 0.2877*x + -0.5046*tanh,0.5847187042236328
fixed_pikan,789,1,0.0602*sin + -0.1143*cos + -0.1731*sqrt,0.9308992624282836
fixed_pikan,789,1,0.0927*x^2 + 0.1238*x^3 + -0.2185*exp,0.8161202669143677
fixed_pikan,789,1,-0.4264*1 + 2.9256*sin + -3.1063*tanh,0.4982281327247619
fixed_pikan,789,1,-0.3892*1 + -0.0612*x^2 + -0.0696*tanh,0.5206007957458496
fixed_pikan,789,1,-1.3059*1 + 1.5463*sin + -1.6726*tanh,0.4302126765251159
fixed_pikan,789,1,0.9539*x + -0.0883*exp + -1.3931*tanh,0.7526522874832153
fixed_pikan,789,1,-0.2939*x + -0.1155*log + 0.5092*tanh,0.6454194784164429
fixed_pikan,789,1,-0.0884*x^3 + -4.2514*sin + 4.8126*tanh,0.6715433597564697
fixed_pikan,789,1,-0.0221*x^4 + -0.1142*sin + 0.0886*log,0.6824414134025574
fixed_pikan,789,1,-0.9904*1 + -0.1068*x^3 + 0.1488*exp,0.5591921806335449
fixed_pikan,789,1,-0.0378*exp + 0.0506*log + 0.1039*tanh,0.649843692779541
fixed_pikan,789,1,0.1120*x^2 + 0.0616*x^3 + -0.1297*exp,0.5829187631607056
fixed_pikan,789,1,-0.6982*1 + -0.0394*x^3 + 0.0500*exp,0.6644465923309326
fixed_pikan,789,1,-0.3476*1 + -0.7961*x + 1.1857*tanh,0.8145630359649658
fixed_pikan,789,1,-1.4182*1 + -2.1893*sin + 2.2432*tanh,0.7244216203689575
fixed_pikan,789,1,0.1670*x^2 + -0.1126*sin + -0.8840*sqrt,0.9368513226509094
fixed_pikan,789,1,0.2473*1 + -0.1701*x + 0.0900*tanh,0.7598229646682739
fixed_pikan,789,1,0.0442*x + -0.0434*x^2 + 0.0504*log,0.4333217144012451
fixed_pikan,789,1,0.0683*exp + 0.1292*log + -0.2741*tanh,0.8642414808273315
fixed_pikan,789,1,0.2841*x + -0.4019*cos + -0.1972*exp,0.563570499420166
fixed_pikan,789,1,-0.1770*1 + 0.1769*x + -0.3318*tanh,0.8603333234786987
fixed_pikan,789,1,-0.1842*x^2 + 0.0429*exp + 0.0759*log,0.901617169380188
fixed_pikan,789,1,-0.1948*x^2 + 0.0241*x^3 + -0.4875*cos,0.6808987855911255
fixed_pikan,789,1,0.4949*x + 0.2449*x^2 + -0.3282*exp,0.7483029365539551
fixed_pikan,789,1,-1.2948*1 + -1.5172*sin + 1.5472*tanh,0.6870729327201843
fixed_pikan,789,1,-0.3402*1 + 0.4502*x + -0.6772*tanh,0.6484947204589844
fixed_pikan,789,1,0.1111*x + 0.0098*x^4 + -0.0960*log,0.8019256591796875
fixed_pikan,789,1,-0.2735*1 + 0.0531*exp + -0.2858*tanh,0.8798677921295166
fixed_pikan,789,1,-0.3420*1 + -2.3848*sin + 2.5015*tanh,0.36853688955307
fixed_pikan,789,1,-0.1258*x + -0.4649*cos + -0.8257*sqrt,0.9565238356590272
fixed_pikan,789,1,-0.1279*1 + -0.3025*x + 0.5767*tanh,0.9034775495529176
fixed_pikan,789,1,-0.2286*1 + 0.4816*x + -0.7301*tanh,0.4931562542915344
fixed_pikan,789,1,-0.5908*1 + 0.3425*x + -0.4232*tanh,0.568760871887207
fixed_pikan,789,1,-0.4879*1 + 0.2222*sqrt + 0.0440*tanh,0.9680461883544922
fixed_pikan,789,1,-1.2429*1 + -2.8342*sin + 2.8550*tanh,0.7519800066947937
fixed_pikan,789,1,0.1390*x^3 + -0.3076*exp + 0.6253*sqrt,0.6858912706375122
fixed_pikan,789,1,0.1842*cos + 0.3408*sqrt + -0.0382*tanh,0.4613941311836242
fixed_pikan,789,1,-1.9732*sin + -0.1223*cos + 2.0448*tanh,0.7276157140731812
fixed_pikan,789,1,-0.3911*1 + 0.2685*x + -0.4828*tanh,0.4772880673408508
fixed_pikan,789,1,-0.9017*1 + -0.0184*x^4 + 0.5756*sqrt,0.9220609068870544
fixed_pikan,789,1,0.5096*x + -0.1119*x^3 + -0.0812*exp,0.8776816725730896
fixed_pikan,789,1,0.2187*x^2 + 0.0097*x^3 + -0.5427*sqrt,0.846977710723877
fixed_pikan,789,1,0.0755*x^3 + -0.3398*cos + -0.1215*exp,0.61394202709198
fixed_pikan,789,1,-0.5614*1 + 0.1599*cos + -0.0572*tanh,0.9135571122169496
fixed_pikan,789,1,0.1116*x + -0.4707*x^2 + -1.3097*cos,0.8455742597579956
fixed_pikan,789,1,0.1156*x^2 + 0.1324*sin + -0.8301*sqrt,0.8296852111816406
fixed_pikan,789,1,0.2316*cos + 0.1960*sqrt + -0.1000*tanh,0.6144644618034363
fixed_pikan,789,1,0.1136*x^3 + -0.1684*exp + 0.2929*sqrt,0.8918472528457642
fixed_pikan,789,1,0.0882*x^2 + 0.0386*x^3 + -0.7478*sqrt,0.9510926008224488
fixed_pikan,789,1,-0.1036*x + -0.6189*cos + -0.5668*sqrt,0.928430199623108
fixed_pikan,789,1,0.1643*x^2 + -0.2100*sin + -0.5413*sqrt,0.7395601868629456
fixed_pikan,789,1,0.3833*x + -0.2547*exp + 0.5457*sqrt,0.797457218170166
fixed_pikan,789,1,-0.6022*1 + 0.0176*exp + 0.1293*tanh,0.9823035597801208
fixed_pikan,789,1,-0.5496*1 + -0.0889*x^2 + 0.4404*sqrt,0.2605289816856384
fixed_pikan,789,1,-1.4888*1 + 0.3080*sqrt + -0.0835*tanh,0.7730345129966736
fixed_pikan,789,1,-0.1882*1 + -0.6378*x + 0.9803*tanh,0.5776882171630859
fixed_pikan,789,1,0.2429*1 + -0.2619*x + 0.4389*tanh,0.3152809739112854
fixed_pikan,789,1,-3.4054*sin + -0.0863*exp + 3.7490*tanh,0.6465201377868652
fixed_pikan,789,1,-0.2152*1 + -1.2378*sin + 1.2737*tanh,0.4806389808654785
fixed_pikan,789,2,0.3776*1 + 0.3809*x + -0.6435*sin,0.821829080581665
fixed_pikan,789,2,0.2619*1 + 0.3467*x + -0.5293*tanh,0.8039996027946472
fixed_pikan,789,2,-0.0836*x + 0.1936*cos + 0.0586*exp,0.8169293999671936
fixed_pikan,789,2,-0.4783*x + -0.2643*x^2 + 0.3574*exp,0.7620967030525208
fixed_pikan,789,2,0.2429*x^2 + 0.4584*cos + -0.5945*sqrt,0.801139235496521
fixed_pikan,789,2,0.1851*1 + -1.8352*sin + 2.0493*tanh,0.651103138923645
fixed_pikan,789,2,0.2306*1 + 0.1457*sqrt + 0.0946*tanh,0.3896738886833191
fixed_pikan,789,2,0.0283*x^3 + 0.2609*cos + 0.2822*sqrt,0.7198853492736816
fixed_pikan,789,2,-0.1684*x^2 + 0.0150*x^3 + 0.8867*sqrt,0.6476383209228516
fixed_pikan,789,2,0.3884*1 + 0.0924*x^2 + -0.3732*sqrt,0.7889452576637268
ra_pikan,123,0,0.0177*x^2 + -0.0131*x^3 + -0.0413*log,0.5061503648757935
ra_pikan,123,0,2.9389*sin + -0.0802*cos + -3.0821*tanh,0.6899539232254028
ra_pikan,123,0,0.0507*x^3 + 3.3734*sin + -3.5430*tanh,0.886616587638855
ra_pikan,123,0,0.1337*x^2 + 0.0344*x^3 + -0.2013*sqrt,0.8843722343444824
ra_pikan,123,0,-0.1744*1 + -0.0653*exp + 0.3855*sqrt,0.91291606426239
ra_pikan,123,0,0.1340*x^3 + -0.3658*exp + 0.6510*sqrt,0.9432839155197144
ra_pikan,123,0,-0.0865*x^3 + -4.0650*sin + 4.5785*tanh,0.5261015892028809
ra_pikan,123,0,0.0944*x^2 + -0.0050*x^3 + -0.0110*x^4,0.9252350330352784
ra_pikan,123,0,4.2254*sin + 0.1465*cos + -4.2672*tanh,0.7863165736198425
ra_pikan,123,0,0.2413*x + 0.0393*log + -0.5033*tanh,0.846717357635498
ra_pikan,123,1,-1.3033*1 + 0.5062*x + -0.8212*tanh,0.5615895986557007
ra_pikan,123,1,-0.5128*1 + 0.3543*x + -0.6685*tanh,0.7892557382583618
ra_pikan,123,1,0.1118*x^2 + 0.0306*sin + -0.4451*sqrt,0.8422770500183105
ra_pikan,123,1,-0.1735*x^3 + 0.2899*exp + -1.1212*sqrt,0.7686731815338135
ra_pikan,123,1,0.9527*1 + -0.1892*x + 0.3919*sin,0.8467546105384827
ra_pikan,123,1,-0.2007*x^2 + -0.0911*log + 1.0531*sqrt,0.6964592337608337
ra_pikan,123,1,-0.1395*x^2 + 0.0502*exp + 0.2995*sqrt,0.8830386996269226
ra_pikan,123,1,-1.2053*1 + 0.0169*x^4 + 0.1013*sin,0.8429258465766907
ra_pikan,123,1,0.0305*x^3 + -0.1165*cos + 0.1094*sqrt,0.9433577060699464
ra_pikan,123,1,-0.9284*1 + -0.2921*x + 0.3933*tanh,0.5579369068145752
ra_pikan,123,1,-1.5753*1 + -0.0530*x^3 + 0.1460*exp,0.9162599444389344
ra_pikan,123,1,-0.5570*1 + -0.1756*sin + 0.1663*cos,0.8824391961097717
ra_pikan,123,1,-0.0200*x^4 + 0.0400*exp + 0.0530*log,0.676358699798584
ra_pikan,123,1,-1.3422*1 + 0.8478*cos + 0.9752*sqrt,0.6654238700866699
ra_pikan,123,1,0.7239*cos + 0.0218*exp + 0.7960*sqrt,0.5194246172904968
ra_pikan,123,1,0.5461*1 + -0.4569*x + 0.6224*tanh,0.9087570905685424
ra_pikan,123,1,-0.1396*x^2 + 0.4288*sqrt + 0.0150*tanh,0.8414287567138672
ra_pikan,123,1,-1.2148*1 + 0.0784*exp + -0.1959*tanh,0.3515963554382324
ra_pikan,123,1,0.3671*x + -0.0253*exp + -0.4829*tanh,0.7967171669006348
ra_pikan,123,1,-0.8217*1 + 0.0081*x^3 + -0.0062*x^4,0.2517074942588806
ra_pikan,123,1,-1.4121*1 + -0.0948*x + 0.0622*x^2,0.5782544016838074
ra_pikan,123,1,0.0650*x^3 + -0.2554*cos + -0.0567*exp,0.5834832787513733
ra_pikan,123,1,-1.8318*sin + -0.0938*exp + 2.1741*tanh,0.6570159792900085
ra_pikan,123,1,0.1343*x^3 + 0.0516*x^4 + -0.2516*exp,0.8345383405685425
ra_pikan,123,1,1.2224*1 + 0.0812*x^3 + -0.1375*exp,0.7442022562026978
ra_pikan,123,1,0.6476*1 + -0.1468*sin + -0.3141*sqrt,0.9426562190055848
ra_pikan,123,1,0.0885*x + -0.0216*x^4 + 0.4076*sqrt,0.8359006643295288
ra_pikan,123,1,-0.4600*x^2 + -1.0678*cos + 0.0379*exp,0.7466298937797546
ra_pikan,123,1,0.1215*x^2 + -0.1864*sin + -0.4468*sqrt,0.9471229910850524
ra_pikan,123,1,-0.9104*1 + -1.7365*sin + 1.7282*tanh,0.7265628576278687
ra_pikan,123,1,-2.1415*1 + 0.6450*cos + 0.4919*sqrt,0.6359082460403442
ra_pikan,123,1,-0.2941*1 + -2.4200*sin + 2.4226*tanh,0.7801082730293274
ra_pikan,123,1,0.4711*x + -0.2089*sqrt + -0.6499*tanh,0.8063879013061523
ra_pikan,123,1,-0.3580*1 + 0.1111*exp + -0.2670*tanh,0.9350743889808656
ra_pikan,123,1,1.1954*1 + 0.0500*log + 0.0946*tanh,0.706930935382843
ra_pikan,123,1,0.4734*1 + -0.4663*x + 0.8653*tanh,0.922396183013916
ra_pikan,123,1,-0.0362*x + 0.0114*x^4 + -0.0335*log,0.8499956130981445
ra_pikan,123,1,-1.2216*1 + -0.8629*x + 1.3406*tanh,0.665483832359314
ra_pikan,123,1,0.1320*x^2 + -0.2780*sqrt + 0.1049*tanh,0.843957781791687
ra_pikan,123,1,-0.8225*1 + -0.0596*x + -0.0251*x^2,0.8004512190818787
ra_pikan,123,1,0.0249*x^3 + -0.8883*cos + -1.2419*sqrt,0.6171809434890747
ra_pikan,123,1,-0.3917*1 + 0.4329*x + -0.4733*tanh,0.8051665425300598
ra_pikan,123,1,-0.0161*x^3 + 0.0215*x^4 + -0.4974*sqrt,0.911427676677704
ra_pikan,123,1,-0.3068*1 + 1.9303*sin + -1.9639*tanh,0.4695466160774231
ra_pikan,123,1,1.0000*1 + 0.0620*exp + -0.3297*tanh,0.8330553770065308
ra_pikan,123,1,-0.1042*x^3 + 0.3153*cos + 0.1963*exp,0.8702777624130249
ra_pikan,123,1,-0.0078*x^3 + -0.0153*x^4 + 0.3824*sqrt,0.5580944418907166
ra_pikan,123,1,-1.0596*1 + -0.1333*cos + 0.0303*exp,0.4557817578315735
ra_pikan,123,1,0.0714*1 + 0.1498*x^2 + -0.5536*sqrt,0.6380007266998291
ra_pikan,123,1,-0.7908*1 + 2.5825*sin + -2.5390*tanh,0.8498096466064453
ra_pikan,123,1,-1.4925*1 + -0.0148*x^4 + 0.4469*sqrt,0.5216420292854309
ra_pikan,123,1,-0.5149*1 + -0.5579*x + 0.8070*tanh,0.4261248707771301
ra_pikan,123,1,0.1114*x^2 + 0.0278*cos + -0.4698*sqrt,0.6578978300094604
ra_pikan,123,1,0.1459*x^2 + -0.0094*x^3 + -0.6317*sqrt,0.7060309052467346
ra_pikan,123,1,0.6868*cos + 0.9663*sqrt + -0.1345*tanh,0.5225770473480225
ra_pikan,123,1,0.5510*1 + 2.0457*sin + -2.1392*tanh,0.3857671618461609
ra_pikan,123,1,-0.3860*x + 0.0859*exp + 0.6708*tanh,0.939559519290924
ra_pikan,123,1,-0.7124*1 + 0.0870*sin + 0.1492*log,0.6740993857383728
ra_pikan,123,1,-1.2097*sin + -0.0322*exp + 1.2553*tanh,0.8642333745956421
ra_pikan,123,1,0.3244*x + -0.6382*cos + -0.1975*exp,0.6606170535087585
ra_pikan,123,1,-0.8864*1 + -0.3883*cos + -0.3058*sqrt,0.7271608114242554
ra_pikan,123,1,-0.3765*1 + 0.2502*x + -0.5123*tanh,0.5826212167739868
ra_pikan,123,1,0.1151*x^2 + -0.0634*sin + -0.4370*sqrt,0.6413719654083252
ra_pikan,123,1,0.3353*x + 0.1552*x^2 + -0.1776*exp,0.9390764236450196
ra_pikan,123,1,-0.1455*x^3 + 0.5112*cos + 0.2760*exp,0.6259164810180664
ra_pikan,123,1,0.4556*1 + -1.4360*sin + 1.3008*tanh,0.9014040231704712
ra_pikan,123,1,-0.0405*x + 0.0452*exp + -0.0220*log,0.7299103736877441
ra_pikan,123,1,-1.0617*1 + 0.2469*x + -0.1955*tanh,0.6694881916046143
ra_pikan,123,1,0.8702*sin + -0.0826*exp + -0.5843*tanh,0.9150556325912476
ra_pikan,123,1,0.4439*x + -0.3231*exp + 0.2114*log,0.6029385328292847
ra_pikan,123,1,-1.4670*1 + -0.0574*x + 0.3169*sqrt,0.722819447517395
ra_pikan,123,1,-0.4765*1 + -0.0614*x^2 + 0.2842*sqrt,0.7976755499839783
ra_pikan,123,1,-0.1357*cos + 0.0647*sqrt + -0.0193*tanh,0.9585175514221193
ra_pikan,123,1,-0.4621*1 + -0.2553*x^2 + 0.8992*sqrt,0.8132771253585815
ra_pikan,123,1,1.1754*1 + 0.0210*x^4 + -0.4949*sqrt,0.7747502326965332
ra_pikan,123,1,0.6256*1 + -0.0600*exp + 0.3266*tanh,0.828965961933136
ra_pikan,123,1,2.7701*sin + 0.0801*exp + -3.0812*tanh,0.5959922075271606
ra_pikan,123,1,0.6342*x + -0.5819*cos + -0.4476*exp,0.660625696182251
ra_pikan,123,1,-0.1440*x^2 + -0.1930*cos + 0.3647*sqrt,0.4910897016525268
ra_pikan,123,1,-0.7901*1 + 1.2671*sin + -1.3300*tanh,0.1925360560417175
ra_pikan,123,1,-1.4386*1 + 2.1195*sin + -2.1024*tanh,0.5702577829360962
ra_pikan,123,1,-0.3756*x + 0.1555*log + 0.6918*tanh,0.7914372086524963
ra_pikan,123,1,0.1052*x^3 + -0.1817*exp + 0.4330*sqrt,0.6846940517425537
ra_pikan,123,1,-0.2712*1 + 2.0931*sin + -2.0174*tanh,0.8531454205513
ra_pikan,123,1,1.2271*1 + -0.5000*x + 0.9109*tanh,0.7045361399650574
ra_pikan,123,1,0.6441*1 + 0.3320*sin + -0.0902*exp,0.7835419178009033
ra_pikan,123,1,0.2143*1 + -0.4756*x + 0.8316*tanh,0.70981764793396
ra_pikan,123,1,-1.5622*1 + -0.3088*x^2 + 1.4389*sqrt,0.8577721118927002
ra_pikan,123,1,0.0406*x^3 + 0.2665*cos + 0.1387*log,0.8420536518096924
ra_pikan,123,1,-0.9105*1 + -2.8666*sin + 2.8606*tanh,0.6490556001663208
ra_pikan,123,1,-1.4507*1 + -1.9581*sin + 1.9641*tanh,0.6639633178710938
ra_pikan,123,1,-0.2204*cos + -0.2020*exp + 0.5015*tanh,0.791282057762146
ra_pikan,123,1,-0.1301*cos + 0.0703*sqrt + 0.0809*tanh,0.6194107532501221
ra_pikan,123,1,0.1832*x^2 + -0.0463*exp + -0.4120*sqrt,0.9167242646217346
ra_pikan,123,1,0.6955*1 + -0.0369*x^3 + -0.1041*log,0.5741294622421265
ra_pikan,123,1,0.5227*1 + -2.2618*sin + 2.4304*tanh,0.5697585940361023
ra_pikan,123,1,-0.0974*x^3 + -0.0508*x^4 + 0.2109*exp,0.8148312568664551
ra_pikan,123,1,-1.2166*1 + -0.2861*x + 0.4253*tanh,0.6388740539550781
ra_pikan,123,1,0.0539*x^4 + -0.1844*exp + 0.3479*tanh,0.581125020980835
ra_pikan,123,1,-1.0340*1 + -0.1466*x^2 + 0.6498*sqrt,0.3437367081642151
ra_pikan,123,2,-0.6173*x + -0.2552*sqrt + 0.9547*tanh,0.4020223617553711
ra_pikan,123,2,0.0709*x^3 + -0.1441*exp + 0.3477*sqrt,0.8489620089530945
ra_pikan,123,2,0.7601*x + -0.0619*exp + -1.0913*tanh,0.5325732231140137
ra_pikan,123,2,-0.2462*x + 0.1412*exp + -0.4855*sqrt,0.6138837337493896
ra_pikan,123,2,-0.0415*1 + -0.1220*x + 0.1811*tanh,0.7910166382789612
ra_pikan,123,2,0.3431*x + -0.1205*sqrt + -0.5095*tanh,0.8776527643203735
ra_pikan,123,2,-0.0910*x^3 + 0.1824*exp + -0.6359*sqrt,0.8849360942840576
ra_pikan,123,2,0.3363*x + 0.0866*sqrt + -0.4971*tanh,0.8258307576179504
ra_pikan,123,2,-0.3956*x + 0.7417*sin + 0.1597*sqrt,0.8807545304298401
ra_pikan,123,2,0.2913*x + -0.1631*exp + 0.5718*sqrt,0.8711138963699341
ra_pikan,1234,0,-0.2121*x + 0.0095*sqrt + 0.3056*tanh,0.8704705834388733
ra_pikan,1234,0,-0.0227*x^4 + -0.0288*exp + 0.1297*sqrt,0.7881311178207397
ra_pikan,1234,0,-0.0616*x^3 + 0.0563*exp + -0.1377*sqrt,0.8208664655685425
ra_pikan,1234,0,-0.0079*x^4 + 0.0673*log + -0.1106*tanh,0.7846408486366272
ra_pikan,1234,0,0.0708*x^3 + -0.1773*exp + 0.4042*sqrt,0.7188267707824707
ra_pikan,1234,0,0.5795*x + -0.0370*exp + -0.6786*tanh,0.8527964353561401
ra_pikan,1234,0,0.0247*x^4 + 0.3227*cos + -0.2990*sqrt,0.96927410364151
ra_pikan,1234,0,-0.2075*exp + 0.4059*sqrt + 0.3994*tanh,0.8633314967155457
ra_pikan,1234,0,0.0341*x^2 + -1.3621*sin + 1.5119*tanh,0.4391853213310241
ra_pikan,1234,0,-0.3806*1 + -0.2292*x^2 + 0.8866*sqrt,0.8054801225662231
ra_pikan,1234,1,-1.7748*1 + 0.0900*x + 0.0752*sqrt,0.8428660035133362
ra_pikan,1234,1,0.8515*1 + 0.2378*sin + -0.0625*exp,0.8170688152313232
ra_pikan,1234,1,-0.0569*x^3 + -0.0059*x^4 + 0.1181*exp,0.9365761280059814
ra_pikan,1234,1,0.0790*x^3 + -0.1792*exp + 0.4420*sqrt,0.3527218699455261
ra_pikan,1234,1,-0.0793*x^3 + -5.0264*sin + 5.4097*tanh,0.732101321220398
ra_pikan,1234,1,-0.5949*1 + -0.0386*x^3 + 0.3886*sqrt,0.8980085253715515
ra_pikan,1234,1,0.4978*x^2 + 1.7035*cos + 0.0365*tanh,0.8463552594184875
ra_pikan,1234,1,0.2300*x^2 + -0.0259*x^3 + 0.5824*cos,0.7138375639915466
ra_pikan,1234,1,-0.4011*cos + 0.0406*exp + -0.6607*sqrt,0.8784418702125549
ra_pikan,1234,1,-0.0728*x^3 + -0.0400*x^4 + 0.1367*exp,0.7627840042114258
ra_pikan,1234,1,-1.9994*1 + -0.1937*x^2 + 0.8507*sqrt,0.7613819241523743
ra_pikan,1234,1,0.6767*1 + 2.0034*sin + -2.0003*tanh,0.5294080972671509
ra_pikan,1234,1,-0.1661*sin + -0.0847*log + -0.4080*sqrt,0.8369101285934448
ra_pikan,1234,1,-2.3334*sin + -0.2057*sqrt + 2.4841*tanh,0.7330707311630249
ra_pikan,1234,1,-2.8638*sin + -0.1193*exp + 3.1921*tanh,0.7722465395927429
ra_pikan,1234,1,-0.4164*1 + 0.5546*x + -0.7864*tanh,0.5943582057952881
ra_pikan,1234,1,1.8441*1 + 0.0401*x^3 + -0.0442*exp,0.5655806064605713
ra_pikan,1234,1,-0.0288*x^3 + 0.4536*cos + 0.9573*sqrt,0.7835766077041626
ra_pikan,1234,1,0.2862*x^2 + 0.0663*log + -1.4247*sqrt,0.9001350998878479
ra_pikan,1234,1,0.0934*exp + -0.2456*sqrt + -0.1498*tanh,0.8377842307090759
ra_pikan,1234,1,-1.7310*1 + -0.0567*exp + 0.1586*sqrt,0.9127809405326844
ra_pikan,1234,1,0.1691*sin + 0.5454*cos + 0.8600*sqrt,0.882558286190033
ra_pikan,1234,1,-0.2136*x^2 + -0.0152*x^3 + 0.5741*sqrt,0.5694769620895386
ra_pikan,1234,1,-0.0143*x^4 + -3.2294*sin + 3.3841*tanh,0.6894998550415039
ra_pikan,1234,1,0.1169*x^2 + -0.0075*x^3 + -0.6165*sqrt,0.6524925827980042
ra_pikan,1234,1,0.2943*x + -0.1587*exp + 0.1037*log,0.7141075134277344
ra_pikan,1234,1,1.7015*1 + -0.0831*exp + 0.3207*tanh,0.8551957011222839
ra_pikan,1234,1,0.3599*cos + 0.2016*exp + -0.6212*tanh,0.7997246980667114
ra_pikan,1234,1,-0.5714*1 + -1.4879*sin + 1.5146*tanh,0.5889217853546143
ra_pikan,1234,1,0.0402*1 + 0.6882*sin + -0.6752*tanh,0.784120500087738
ra_pikan,1234,1,-1.6149*1 + 0.4238*x + -0.7188*tanh,0.5893592834472656
ra_pikan,1234,1,0.6238*1 + 0.1055*exp + -0.5100*tanh,0.954675316810608
ra_pikan,1234,1,-0.0354*x^3 + 0.0826*exp + -0.0194*log,0.8094760775566101
ra_pikan,1234,1,0.1129*x + -0.0557*x^3 + -0.0835*cos,0.7021457552909851
ra_pikan,1234,1,0.0384*x^4 + -0.2497*exp + 0.6225*tanh,0.8304108381271362
ra_pikan,1234,1,-0.4459*1 + -0.1090*sqrt + -0.1061*tanh,0.7109161615371704
ra_pikan,1234,1,1.5519*1 + 0.0208*exp + -0.0308*log,0.4792430400848388
ra_pikan,1234,1,0.4297*x^2 + 0.8995*cos + -0.6963*sqrt,0.8825373649597168
ra_pikan,1234,1,-0.6408*1 + -0.1272*sin + 0.0561*exp,0.7553237080574036
ra_pikan,1234,1,-0.0764*x^3 + -0.0251*x^4 + 0.0882*exp,0.8430506587028503
ra_pikan,1234,1,-1.5383*1 + -0.0634*sin + 0.0701*log,0.7619788646697998
ra_pikan,1234,1,-0.3986*x + 0.5302*cos + 0.2204*exp,0.8973522782325745
ra_pikan,1234,1,0.4963*x + -0.0507*log + -0.7469*tanh,0.8411863446235657
ra_pikan,1234,1,-0.1352*x + 0.0656*x^3 + -0.0639*exp,0.9066729545593262
ra_pikan,1234,1,0.3795*cos + -0.0596*exp + 0.1914*log,0.6516580581665039
ra_pikan,1234,1,-0.2873*1 + 0.0749*x^3 + -0.1161*exp,0.5244942903518677
ra_pikan,1234,1,1.5613*1 + -0.0426*x^3 + 0.1004*exp,0.8658786416053772
ra_pikan,1234,1,0.6209*1 + -0.3644*x + 0.6483*tanh,0.5537487268447876
ra_pikan,1234,1,-0.7471*1 + -0.1025*x^2 + 0.5683*sqrt,0.3380495905876159
ra_pikan,1234,1,-0.0682*x^3 + -0.0278*x^4 + 0.1269*exp,0.5641764998435974
ra_pikan,1234,1,-1.7219*1 + 0.8653*sin + -0.7797*tanh,0.8974263668060303
ra_pikan,1234,1,0.8972*1 + -0.4518*sqrt + 0.1271*tanh,0.6832512617111206
ra_pikan,1234,1,0.1576*x + -0.1099*x^2 + 0.4702*sqrt,0.9838386178016664
ra_pikan,1234,1,-0.0304*x^3 + 0.0106*x^4 + -0.3844*sqrt,0.7712243795394897
ra_pikan,1234,1,-0.1706*1 + 2.3827*sin + -2.3342*tanh,0.8306006193161011
ra_pikan,1234,1,-0.5927*1 + -0.0446*log + -0.0943*tanh,0.8115308880805969
ra_pikan,1234,1,1.6986*1 + -0.0363*x^3 + 0.2575*sin,0.7978154420852661
ra_pikan,1234,1,0.5680*1 + -0.0305*x^3 + -0.0483*log,0.7416461706161499
ra_pikan,1234,1,-0.5285*1 + -0.4416*x + 0.6581*tanh,0.8872043490409851
ra_pikan,1234,1,0.0956*1 + -0.0196*x^3 + -0.1102*sqrt,0.9361892938613892
ra_pikan,1234,1,-1.8064*1 + 0.2076*exp + -0.5656*tanh,0.7787753939628601
ra_pikan,1234,1,0.1106*x + 0.2105*x^2 + 0.7937*cos,0.7572766542434692
ra_pikan,1234,1,-0.2202*x^2 + -0.2399*sin + 0.5715*sqrt,0.9200659990310668
ra_pikan,1234,1,-0.1380*1 + 0.1997*x + -0.4716*tanh,0.8290728330612183
ra_pikan,1234,1,-0.0134*x^3 + -0.1309*cos + -0.2660*sqrt,0.6102180480957031
ra_pikan,1234,1,0.2396*x + -0.2871*cos + -0.1574*exp,0.7655391693115234
ra_pikan,1234,1,1.7592*1 + -0.0941*exp + 0.1757*tanh,0.903857409954071
ra_pikan,1234,1,0.4386*cos + 0.1881*exp + -0.3650*tanh,0.7580234408378601
ra_pikan,1234,1,-0.5298*1 + -0.1466*x + -0.0103*x^4,0.9516096115112304
ra_pikan,1234,1,1.2594*sin + 0.1575*sqrt + -1.2270*tanh,0.887355625629425
ra_pikan,1234,1,-1.6295*1 + -1.5715*sin + 1.6409*tanh,0.1942884922027588
ra_pikan,1234,1,1.0026*1 + 4.4726*sin + -4.7536*tanh,0.4764609932899475
ra_pikan,1234,1,0.0747*1 + 0.2199*x + -0.4265*tanh,0.7078920602798462
ra_pikan,1234,1,0.3550*sin + -0.1452*exp + 0.2517*sqrt,0.8635386824607849
ra_pikan,1234,1,-0.2428*1 + 0.0517*exp + -0.1802*tanh,0.3557463884353637
ra_pikan,1234,1,-0.1171*exp + 0.1414*log + 0.3437*tanh,0.6344612240791321
ra_pikan,1234,1,1.9250*1 + 0.2030*x^2 + -0.8426*sqrt,0.5628975033760071
ra_pikan,1234,1,0.4756*cos + 0.5780*sqrt + -0.0984*tanh,0.8458433151245117
ra_pikan,1234,1,-0.3417*cos + -0.1318*exp + 0.4030*tanh,0.5279362201690674
ra_pikan,1234,1,-0.1597*x + 0.0811*exp + -0.2516*sqrt,0.7030019164085388
ra_pikan,1234,1,-1.7265*1 + 0.7608*sin + -0.7171*tanh,0.7033569812774658
ra_pikan,1234,1,0.0177*x^3 + 0.6195*cos + 0.8217*sqrt,0.7480969429016113
ra_pikan,1234,1,0.3211*1 + -0.1814*cos + 0.1137*tanh,0.9750485420227052
ra_pikan,1234,1,0.0530*x^3 + -0.1275*exp + 0.4378*sqrt,0.7863571643829346
ra_pikan,1234,1,-0.2756*1 + 0.1175*sin + 0.1850*sqrt,0.9551527500152588
ra_pikan,1234,1,-0.0161*x^3 + -0.4009*cos + -0.2745*sqrt,0.9000484943389893
ra_pikan,1234,1,0.6228*x^2 + 0.0195*x^3 + 1.5885*cos,0.572013258934021
ra_pikan,1234,1,0.9316*1 + -0.6819*x + 1.0339*tanh,0.3641712665557861
ra_pikan,1234,1,-0.8971*1 + -0.2839*x^2 + 1.1145*sqrt,0.6150446534156799
ra_pikan,1234,1,-0.0427*x^3 + -0.0274*cos + 0.2500*sqrt,0.975322723388672
ra_pikan,1234,1,-1.7198*1 + 0.0285*x^3 + -0.1020*sqrt,0.7426736354827881
ra_pikan,1234,1,-0.4030*x + 0.5913*cos + 0.2618*exp,0.5234454274177551
ra_pikan,1234,1,1.5558*sin + 0.0326*exp + -1.6841*tanh,0.3925958275794983
ra_pikan,1234,1,0.0297*x^4 + -0.1563*exp + 0.4466*tanh,0.8803955316543579
ra_pikan,1234,1,-0.2446*1 + 0.0645*exp + -0.1601*sqrt,0.9043598175048828
ra_pikan,1234,1,-0.5746*1 + 0.6283*x + -1.0675*tanh,0.8426187634468079
ra_pikan,1234,1,0.5022*x^2 + 1.6598*cos + -0.1339*tanh,0.936497688293457
ra_pikan,1234,1,-0.2720*x^2 + -0.1293*log + 1.3128*sqrt,0.872170090675354
ra_pikan,1234,1,-0.0366*x + -0.1710*x^2 + -0.5623*cos,0.7904216051101685
ra_pikan,1234,1,-0.0338*x^2 + -0.0427*x^3 + 0.0685*exp,0.8951610326766968
ra_pikan,1234,2,-0.1527*x^3 + 0.5669*cos + 0.3236*exp,0.9130625128746032
ra_pikan,1234,2,0.7987*1 + -2.6788*sin + 2.7923*tanh,0.2854132652282715
ra_pikan,1234,2,0.6964*1 + -0.1160*sin + -0.0817*log,0.5872994661331177
ra_pikan,1234,2,-0.1112*x^3 + 0.7396*cos + 0.1966*exp,0.944477081298828
ra_pikan,1234,2,0.8861*1 + -0.2550*sin + 0.0559*exp,0.914769411087036
ra_pikan,1234,2,1.1073*1 + 0.0129*x^4 + -0.4935*sqrt,0.8828385472297668
ra_pikan,1234,2,0.8147*1 + 0.3055*x + -0.5470*tanh,0.2790737748146057
ra_pikan,1234,2,0.9357*1 + -1.5192*sin + 1.5566*tanh,0.3586131334304809
ra_pikan,1234,2,0.4938*cos + -0.0687*log + 0.9759*sqrt,0.6993422508239746
ra_pikan,1234,2,0.9746*1 + 0.0219*x^3 + -0.0872*sin,0.6107670664787292
ra_pikan,42,0,-0.6385*x + 0.9239*sin + 0.1151*exp,0.9115027785301208
ra_pikan,42,0,0.1216*x^3 + 6.1247*sin + -7.1056*tanh,0.7092702388763428
ra_pikan,42,0,0.1430*exp + -0.4072*sqrt + -0.3621*tanh,0.6239876747131348
ra_pikan,42,0,-0.0689*x + 0.0514*x^3 + -0.0319*exp,0.6114370822906494
ra_pikan,42,0,0.0342*x^3 + 0.0803*log + 0.0868*sqrt,0.7925567626953125
ra_pikan,42,0,-0.0803*x^3 + -4.7638*sin + 5.3882*tanh,0.450320303440094
ra_pikan,42,0,-0.0688*sin + 0.1722*cos + 0.1436*log,0.7365261316299438
ra_pikan,42,0,0.4548*1 + -0.3599*cos + -0.4050*sqrt,0.4047059416770935
ra_pikan,42,0,0.9021*1 + -0.5859*cos + -0.5663*sqrt,0.7662993669509888
ra_pikan,42,0,-0.0347*x^2 + 0.6833*sin + -0.8337*tanh,0.8360003232955933
ra_pikan,42,1,0.6634*1 + 0.4843*x + -0.9046*tanh,0.7941645383834839
ra_pikan,42,1,0.1136*exp + -0.5435*sqrt + -0.2770*tanh,0.8994233012199402
ra_pikan,42,1,0.5833*1 + -2.2948*sin + 2.4092*tanh,0.2241258025169372
ra_pikan,42,1,0.4629*1 + -0.1367*exp + 0.3788*tanh,0.7282313108444214
ra_pikan,42,1,-0.5584*1 + -0.0120*x^4 + 0.1192*exp,0.8442980647087097
ra_pikan,42,1,-0.8641*1 + -0.2339*sqrt + -0.1104*tanh,0.8267979621887207
ra_pikan,42,1,-1.4450*1 + -0.0444*x^3 + 0.0917*exp,0.4644402861595154
ra_pikan,42,1,0.0122*x^4 + -1.4853*sin + 1.5059*tanh,0.6524444222450256
ra_pikan,42,1,-0.0719*sin + -0.5464*cos + -0.4881*sqrt,0.457551896572113
ra_pikan,42,1,0.1773*sin + -0.4767*cos + -0.3771*sqrt,0.9467170238494872
ra_pikan,42,1,-0.1368*sin + 0.4467*cos + 0.5376*sqrt,0.6442471146583557
ra_pikan,42,1,-0.3494*sin + 0.1211*exp + -0.4558*sqrt,0.7368899583816528
ra_pikan,42,1,0.7153*1 + -0.1085*sin + 0.1847*sqrt,0.91255784034729
ra_pikan,42,1,0.1606*x^2 + 0.4012*cos + -0.3534*sqrt,0.9380865693092346
ra_pikan,42,1,-0.5756*1 + 0.1591*exp + -0.5366*tanh,0.8866655230522156
ra_pikan,42,1,-0.9670*1 + -0.0388*x + 0.1480*sqrt,0.9255720973014832
ra_pikan,42,1,0.4591*x + -0.9347*cos + -0.3329*exp,0.9272060990333556
ra_pikan,42,1,-0.1575*x^3 + -5.6321*sin + 6.4916*tanh,0.6074310541152954
ra_pikan,42,1,-0.5120*1 + -4.7826*sin + 4.9743*tanh,0.5899566411972046
ra_pikan,42,1,-0.7041*1 + -0.1226*x^2 + 0.4077*sqrt,0.4065797924995422
ra_pikan,42,1,0.1759*x^2 + 0.0035*x^3 + 0.5868*cos,0.1972953677177429
ra_pikan,42,1,0.2026*x + -0.3283*sin + -0.1691*sqrt,0.8627321124076843
ra_pikan,42,1,0.5904*1 + -0.0794*x + -0.0560*log,0.7949076890945435
ra_pikan,42,1,-0.0646*sin + 0.2341*cos + 0.3552*sqrt,0.7876678705215454
ra_pikan,42,1,-0.3214*1 + -0.1091*exp + 0.3383*tanh,0.9346808791160583
ra_pikan,42,1,-0.6986*1 + 0.6328*x + -0.9063*tanh,0.2888250350952148
ra_pikan,42,1,-1.5562*1 + 0.0754*sin + -0.0719*log,0.6614025235176086
ra_pikan,42,1,-0.0241*x^4 + 0.1055*sin + 0.4694*sqrt,0.9167523384094238
ra_pikan,42,1,-0.1663*x^2 + -0.0046*sin + -0.6161*cos,0.3779047131538391
ra_pikan,42,1,0.0809*x^3 + -0.3373*cos + -0.1698*exp,0.6025543212890625
ra_pikan,42,1,0.7282*1 + 0.0316*exp + -0.5523*sqrt,0.8568412661552429
ra_pikan,42,1,-0.1013*exp + 0.2551*sqrt + 0.3952*tanh,0.9194374680519104
ra_pikan,42,1,-0.0682*sin + 0.5502*cos + 0.6581*sqrt,0.5831228494644165
ra_pikan,42,1,-0.1732*x^2 + -0.0262*log + 0.7977*sqrt,0.8851936459541321
ra_pikan,42,1,0.0324*x + -0.3148*cos + -0.2428*sqrt,0.9570258855819702
ra_pikan,42,1,0.0251*x^3 + -0.5969*cos + -0.8802*sqrt,0.6499913334846497
ra_pikan,42,1,-1.4219*1 + -0.1314*sin + 0.3781*sqrt,0.957205891609192
ra_pikan,42,1,-0.0928*x^2 + 0.0098*exp + 0.2484*sqrt,0.7913920283317566
ra_pikan,42,1,-0.5862*1 + 0.2757*sin + -0.0721*exp,0.8474676609039307
ra_pikan,42,1,0.3920*x + -0.3861*cos + -0.1945*exp,0.9758257865905762
ra_pikan,42,1,0.6531*1 + 0.0274*x^3 + -0.2926*tanh,0.9603179693222046
ra_pikan,42,1,-0.2302*1 + -0.2118*x^2 + 0.8412*sqrt,0.6927215456962585
ra_pikan,42,1,0.8123*1 + -2.6630*sin + 3.0120*tanh,0.6502898931503296
ra_pikan,42,1,0.2980*1 + -1.9878*sin + 2.3583*tanh,0.7765721082687378
ra_pikan,42,1,0.3646*1 + -0.1939*x^2 + -0.7705*cos,0.4697962999343872
ra_pikan,42,1,-0.8954*1 + -0.0753*x + -0.1386*sqrt,0.8879240155220032
ra_pikan,42,1,-1.3861*1 + 0.0825*x + 0.0884*x^2,0.7778797149658203
ra_pikan,42,1,-0.1303*x^2 + -0.0336*exp + 0.5847*sqrt,0.8810749053955078
ra_pikan,42,1,-0.6294*1 + 1.7279*sin + -1.7299*tanh,0.6605585217475891
ra_pikan,42,1,-0.7255*1 + -0.0284*sin + 0.3696*sqrt,0.8944357633590698
ra_pikan,42,1,0.3229*cos + -0.0473*log + 0.5240*sqrt,0.5047439336776733
ra_pikan,42,1,0.1428*exp + -0.5562*sqrt + -0.3664*tanh,0.7662310600280762
ra_pikan,42,1,0.6699*1 + 1.0406*sin + -1.1924*tanh,0.4444459080696106
ra_pikan,42,1,0.0691*sin + 0.1595*cos + 0.3906*sqrt,0.6808490753173828
ra_pikan,42,1,-0.3971*1 + -0.3106*x + 0.5464*tanh,0.2988386750221252
ra_pikan,42,1,-1.1185*1 + -0.0592*x^3 + 0.1035*exp,0.4003528952598572
ra_pikan,42,1,-1.2543*1 + 0.9767*sin + -1.0189*tanh,0.4784837365150451
ra_pikan,42,1,-0.5444*x + 0.0842*exp + 0.5372*tanh,0.8655781149864197
ra_pikan,42,1,0.0267*x^3 + -0.3592*cos + -0.7213*sqrt,0.3064606189727783
ra_pikan,42,1,-0.8094*1 + -0.1684*x^2 + 0.7416*sqrt,0.4905166029930115
ra_pikan,42,1,0.6808*1 + 0.0231*x^3 + -0.0428*exp,0.7326345443725586
ra_pikan,42,1,-0.1575*x + -0.0233*x^2 + 0.2630*tanh,0.5955361127853394
ra_pikan,42,1,0.4570*1 + -0.0258*x^3 + 0.3141*cos,0.9509313702583312
ra_pikan,42,1,0.2351*exp + -0.4900*sqrt + -0.5583*tanh,0.723466157913208
ra_pikan,42,1,-0.2265*cos + -0.1163*exp + 0.3071*tanh,0.6207847595214844
ra_pikan,42,1,-0.6334*1 + -0.2732*cos + -0.1046*sqrt,0.6157468557357788
ra_pikan,42,1,-1.3662*1 + 0.0183*sin + 0.1588*sqrt,0.8397416472434998
ra_pikan,42,1,0.0093*x^4 + 0.1484*cos + -0.1557*sqrt,0.9722298979759216
ra_pikan,42,1,-0.2144*x^2 + 0.0085*x^4 + -0.6151*cos,0.7624757289886475
ra_pikan,42,1,-0.6644*1 + 0.2678*sqrt + -0.0642*tanh,0.8626159429550171
ra_pikan,42,1,0.6170*1 + -0.9160*sin + 1.0681*tanh,0.8843651413917542
ra_pikan,42,1,-0.2163*x + -0.0124*x^4 + 0.2964*tanh,0.6478919982910156
ra_pikan,42,1,0.8141*1 + 0.0423*x^3 + -0.0855*exp,0.9086894392967224
ra_pikan,42,1,0.0430*x^2 + 0.0744*sin + -0.1105*log,0.7003156542778015
ra_pikan,42,1,0.4505*x + -0.3543*cos + -0.7615*tanh,0.781699538230896
ra_pikan,42,1,0.0264*x^3 + -0.6299*cos + -0.7913*sqrt,0.5240413546562195
ra_pikan,42,1,-1.4216*1 + -0.0886*sin + 0.3986*sqrt,0.91728276014328
ra_pikan,42,1,-0.0717*x^2 + -0.0112*x^3 + 0.3710*sqrt,0.8860869407653809
ra_pikan,42,1,-0.6630*1 + -0.0294*x^3 + 0.1077*sqrt,0.675749659538269
ra_pikan,42,1,-0.6829*1 + 0.2877*x + -0.6715*tanh,0.8201726675033569
ra_pikan,42,1,0.8585*1 + 0.2109*x^2 + -0.8901*sqrt,0.7843499183654785
ra_pikan,42,1,-0.1411*x^2 + 0.1968*sqrt + -0.1048*tanh,0.7887210249900818
ra_pikan,42,1,-0.1213*x^3 + 0.4149*cos + 0.2567*exp,0.8401457071304321
ra_pikan,42,1,-0.0882*x^3 + 0.1178*cos + 0.1414*exp,0.7456640601158142
ra_pikan,42,1,-0.4576*1 + -0.0488*exp + 0.3552*sqrt,0.9136674404144288
ra_pikan,42,1,-0.8389*1 + 1.6297*sin + -1.7580*tanh,0.332115113735199
ra_pikan,42,1,-1.2321*1 + 0.0445*x^3 + -0.0616*exp,0.7505943775177002
ra_pikan,42,1,-0.1493*x^2 + -0.2980*sin + 0.0957*exp,0.8901538252830505
ra_pikan,42,1,-0.8568*1 + -0.2278*x^2 + 0.8353*sqrt,0.3984959125518799
ra_pikan,42,1,-0.6855*1 + 0.3062*x + -0.4975*tanh,0.5820057988166809
ra_pikan,42,1,0.6028*1 + 0.0153*x^4 + -0.0474*exp,0.608094334602356
ra_pikan,42,1,-0.1911*x + 0.0936*x^2 + 0.2495*sin,0.9596987366676332
ra_pikan,42,1,0.6929*1 + 0.2485*x + -0.3661*tanh,0.4186026453971863
ra_pikan,42,1,0.3000*1 + 0.1629*x + -0.0806*x^3,0.8257008790969849
ra_pikan,42,1,0.0871*x + -0.3598*cos + -0.1838*sqrt,0.9677482843399048
ra_pikan,42,1,-0.9066*1 + -0.2905*x + 0.0799*x^3,0.8611882925033569
ra_pikan,42,1,-0.0864*x + -0.5047*x^2 + -1.2518*cos,0.585935115814209
ra_pikan,42,1,-0.3313*x + 0.1166*x^2 + 0.3373*tanh,0.6657716631889343
ra_pikan,42,1,-0.4209*1 + 0.0733*log + 0.0698*tanh,0.8539406061172485
ra_pikan,42,1,-0.5050*1 + 0.3412*x + -0.4746*tanh,0.7249019742012024
ra_pikan,42,2,0.1316*x^3 + -0.2551*exp + 0.6436*sqrt,0.6826261281967163
ra_pikan,42,2,0.2534*exp + -0.8787*sqrt + -0.7715*tanh,0.9131559729576112
ra_pikan,42,2,-0.6021*x + -0.2247*sqrt + 1.0317*tanh,0.4686647057533264
ra_pikan,42,2,-3.2816*sin + -0.0849*exp + 3.5222*tanh,0.8124217987060547
ra_pikan,42,2,0.1603*x^2 + 0.0147*x^3 + -0.4338*sqrt,0.6926263570785522
ra_pikan,42,2,-0.2475*sin + 0.0294*exp + 0.0438*log,0.9344245791435242
ra_pikan,42,2,-0.1298*1 + 1.2963*sin + -1.2969*tanh,0.6320066452026367
ra_pikan,42,2,0.4041*x + -0.2810*exp + 0.7308*sqrt,0.7277194261550903
ra_pikan,42,2,0.8694*x + -0.1594*sqrt + -1.4484*tanh,0.9592429995536804
ra_pikan,42,2,-0.0510*1 + -0.3179*x + 0.5562*tanh,0.7978663444519043
ra_pikan,456,0,-0.1398*x^2 + -0.4154*sin + 0.1424*exp,0.8319851160049438
ra_pikan,456,0,-0.6447*1 + -0.1656*x^2 + 0.8052*sqrt,0.6681078672409058
ra_pikan,456,0,-0.5328*1 + 0.0616*sin + 0.4256*sqrt,0.9274993538856506
ra_pikan,456,0,0.2128*exp + -0.5206*sqrt + -0.6388*tanh,0.91731858253479
ra_pikan,456,0,-0.2069*x^2 + -0.2788*cos + 0.5231*sqrt,0.9113801121711732
ra_pikan,456,0,-1.5841*sin + -0.0592*log + 1.5137*tanh,0.8849217891693115
ra_pikan,456,0,-0.6336*x + 0.3420*exp + -0.6516*sqrt,0.8619489073753357
ra_pikan,456,0,0.0865*1 + 0.4507*x + -0.7428*tanh,0.6175286769866943
ra_pikan,456,0,-2.1883*sin + -0.1066*log + 2.2963*tanh,0.6355377435684204
ra_pikan,456,0,-0.1925*x + -0.1515*x^2 + 0.1071*exp,0.756359875202179
ra_pikan,456,1,-0.7578*1 + 0.2096*x + -0.1183*exp,0.83085036277771
ra_pikan,456,1,-0.5328*1 + -0.0176*x^3 + 0.0363*exp,0.6873565912246704
ra_pikan,456,1,0.0442*x^3 + 1.8146*sin + -2.2224*tanh,0.8278654217720032
ra_pikan,456,1,-0.1591*sin + 0.7142*cos + 1.0544*sqrt,0.7372382283210754
ra_pikan,456,1,0.2276*x^2 + 0.1544*x^3 + -0.2909*exp,0.5968589782714844
ra_pikan,456,1,0.4523*1 + 0.0978*x^2 + -0.4747*sqrt,0.3092040419578552
ra_pikan,456,1,0.6125*1 + -0.7124*x + 1.0855*tanh,0.6263763904571533
ra_pikan,456,1,0.0966*x^3 + -0.2320*exp + 0.1848*log,0.7132822275161743
ra_pikan,456,1,0.5733*x + 0.0732*x^4 + -0.3194*exp,0.8060631155967712
ra_pikan,456,1,0.1076*x^2 + -0.0148*x^3 + -0.1566*sqrt,0.9185460805892944
ra_pikan,456,1,-1.0083*1 + -2.7646*sin + 2.9467*tanh,0.5378702878952026
ra_pikan,456,1,-0.1902*x^2 + -0.0883*sin + -0.3948*cos,0.7547669410705566
ra_pikan,456,1,0.1384*sin + -0.0352*log + -0.0910*sqrt,0.9362989068031312
ra_pikan,456,1,1.0578*1 + 0.2332*x + -0.4348*tanh,0.5538511276245117
ra_pikan,456,1,0.2696*sin + -0.0672*exp + 0.1482*log,0.8470541834831238
ra_pikan,456,1,0.3203*1 + 0.8650*sin + -0.8766*tanh,0.6670621633529663
ra_pikan,456,1,0.3038*x^2 + 0.8166*cos + -0.3512*sqrt,0.7487195730209351
ra_pikan,456,1,-0.7933*1 + 0.0386*exp + -0.0101*log,0.9401565194129944
ra_pikan,456,1,-0.3009*1 + 0.3024*x + -0.4311*tanh,0.8413537740707397
ra_pikan,456,1,1.1109*sin + -0.1768*sqrt + -1.0046*tanh,0.8219736814498901
ra_pikan,456,1,-0.9569*1 + 0.5303*x + -0.8981*sin,0.8380842804908752
ra_pikan,456,1,-0.3215*1 + 0.0581*log + -0.0659*tanh,0.2926478981971741
ra_pikan,456,1,0.2609*x + -0.6191*sin + 0.1442*cos,0.9627496004104614
ra_pikan,456,1,1.1331*1 + 0.1768*x + -0.1885*tanh,0.7516433000564575
ra_pikan,456,1,-0.3317*cos + 0.0365*exp + -0.6559*sqrt,0.6188599467277527
ra_pikan,456,1,-0.0514*x^2 + -0.0635*log + 0.4880*sqrt,0.9046512842178344
ra_pikan,456,1,0.6225*cos + -0.0585*exp + 0.6417*sqrt,0.9169442653656006
ra_pikan,456,1,-0.5348*1 + 0.0636*log + -0.1381*tanh,0.7610847353935242
ra_pikan,456,1,0.1747*x^2 + -0.1093*sin + -0.7302*sqrt,0.8290247321128845
ra_pikan,456,1,0.4668*x + -0.0763*exp + -0.5586*tanh,0.9371447563171388
ra_pikan,456,1,-0.9040*1 + 0.0660*x + -0.0649*cos,0.6232946515083313
ra_pikan,456,1,-0.0638*x^2 + 0.0134*x^3 + -0.5030*cos,0.9524300694465636
ra_pikan,456,1,-0.1594*x^2 + -0.0485*exp + 0.4745*sqrt,0.9369505643844604
ra_pikan,456,1,1.3721*1 + 0.2110*x^2 + -0.8158*sqrt,0.7695849537849426
ra_pikan,456,1,-0.0240*x^3 + -0.0295*x^4 + 0.1449*log,0.4660113453865051
ra_pikan,456,1,-0.1923*x^2 + -0.0411*log + 0.7436*sqrt,0.5664161443710327
ra_pikan,456,1,1.0474*1 + -0.2806*cos + -0.1851*sqrt,0.8627285361289978
ra_pikan,456,1,-0.8499*1 + -0.0866*x^2 + 0.4592*sqrt,0.8707291483879089
ra_pikan,456,1,-0.2191*1 + 0.2950*x + -0.3556*tanh,0.4390787482261657
ra_pikan,456,1,0.0812*x^3 + -0.1810*exp + 0.5686*sqrt,0.8323659896850586
ra_pikan,456,1,-0.0625*exp + 0.2677*log + -0.5734*sqrt,0.7228980660438538
ra_pikan,456,1,-0.4381*1 + -0.0985*x^2 + -0.0417*sin,0.8959817290306091
ra_pikan,456,1,-0.2033*x + -0.0233*x^4 + 0.1433*exp,0.5331383943557739
ra_pikan,456,1,1.0723*1 + 0.2397*x + -0.4637*tanh,0.7985026240348816
ra_pikan,456,1,-0.3935*1 + -0.1973*x + 0.2322*tanh,0.6648440361022949
ra_pikan,456,1,-0.2062*sin + 0.2269*cos + 0.0749*exp,0.6568687558174133
ra_pikan,456,1,0.8105*1 + 0.2545*x + -0.3704*tanh,0.2849602103233337
ra_pikan,456,1,-0.2850*x^2 + 0.0480*sin + -0.6576*cos,0.61399245262146
ra_pikan,456,1,-0.2097*1 + -0.0320*exp + 0.1129*tanh,0.439980685710907
ra_pikan,456,1,-0.0947*x + 0.0925*exp + -0.5373*sqrt,0.9035215973854064
ra_pikan,456,1,-0.3519*x^2 + -0.0205*x^3 + -0.8926*cos,0.6630769371986389
ra_pikan,456,1,-0.5847*1 + 0.3482*sqrt + -0.1093*tanh,0.7769623398780823
ra_pikan,456,1,-0.0967*x^3 + -4.7480*sin + 5.3208*tanh,0.6692432165145874
ra_pikan,456,1,1.0575*1 + 0.3950*x + -0.5584*tanh,0.4063852429389953
ra_pikan,456,1,-0.5449*1 + -0.0762*x^2 + 0.3751*sqrt,0.6087615489959717
ra_pikan,456,1,0.4928*1 + 0.2859*sin + -0.0769*exp,0.7660372853279114
ra_pikan,456,1,-0.5546*x + 0.3099*cos + 0.2598*exp,0.9078645706176758
ra_pikan,456,1,-0.4055*cos + -0.1458*exp + 0.3939*tanh,0.6419602632522583
ra_pikan,456,1,-0.2996*1 + -0.0548*x^3 + 0.1506*sqrt,0.809796154499054
ra_pikan,456,1,0.1345*x + -0.0614*exp + 0.1490*sqrt,0.8764680624008179
ra_pikan,456,1,0.3886*x + -0.5140*cos + -0.2714*exp,0.4698331356048584
ra_pikan,456,1,-0.5255*1 + -0.2722*x + 0.5257*sin,0.867043673992157
ra_pikan,456,1,2.3986*sin + 0.1404*exp + -3.0534*tanh,0.8778780698776245
ra_pikan,456,1,1.0801*1 + 0.3642*x + -0.5972*tanh,0.5258187055587769
ra_pikan,456,1,-0.3819*1 + 0.0248*sin + -0.1187*sqrt,0.5221519470214844
ra_pikan,456,1,0.0199*sin + -0.0539*log + 0.5392*sqrt,0.853766918182373
ra_pikan,456,1,0.8050*1 + 0.0705*x^3 + -0.0915*exp,0.3745741248130798
ra_pikan,456,1,-0.2881*x^2 + 0.0108*x^3 + -0.6457*cos,0.4675548076629638
ra_pikan,456,1,0.0550*log + -0.3901*sqrt + -0.0526*tanh,0.8331632614135742
ra_pikan,456,1,0.5370*x + 0.0395*x^2 + -0.7953*tanh,0.8281143307685852
ra_pikan,456,1,-1.1316*1 + 0.0689*exp + -0.2122*tanh,0.6827216148376465
ra_pikan,456,1,0.1066*x^3 + -0.2201*cos + -0.2291*exp,0.8976224064826965
ra_pikan,456,1,-0.2426*x + 0.2033*sqrt + 0.3943*tanh,0.9709294438362122
ra_pikan,456,1,0.4804*x^2 + 1.2787*cos + -0.5174*sqrt,0.9151889085769652
ra_pikan,456,1,-0.4034*1 + -0.1212*sqrt + -0.0411*tanh,0.5697969794273376
ra_pikan,456,1,0.0931*exp + -0.0881*log + -0.2480*tanh,0.7427967190742493
ra_pikan,456,1,-0.1056*sin + 0.4877*cos + 0.7473*sqrt,0.9182735085487366
ra_pikan,456,1,-0.0150*sin + -0.6036*cos + -0.4605*sqrt,0.9464974403381348
ra_pikan,456,1,0.0212*x^3 + -0.0883*exp + 0.0623*log,0.8732647895812988
ra_pikan,456,1,-0.0092*x^4 + -0.0925*cos + 0.1541*sqrt,0.9094570875167848
ra_pikan,456,1,-0.7090*1 + 0.0790*x^3 + -0.1318*exp,0.7086842060089111
ra_pikan,456,1,-0.6403*1 + 0.1291*cos + 0.0716*sqrt,0.3155502676963806
ra_pikan,456,1,0.4907*x + 0.1738*sqrt + -0.9943*tanh,0.9705340266227722
ra_pikan,456,1,0.5259*cos + -0.1043*log + 1.1605*sqrt,0.6488703489303589
ra_pikan,456,1,-0.4302*1 + -0.6518*x + 1.2289*tanh,0.8572656512260437
ra_pikan,456,1,0.3744*1 + 0.0196*x^3 + -0.0300*exp,0.497937262058258
ra_pikan,456,1,0.9254*1 + 0.1718*x^2 + -0.7101*sqrt,0.3732351660728454
ra_pikan,456,1,0.4950*x^2 + 0.0524*x^3 + -1.7710*sqrt,0.7740132212638855
ra_pikan,456,1,-0.3071*1 + 0.2429*sqrt + -0.0660*tanh,0.6096458435058594
ra_pikan,456,1,-1.4113*sin + 0.0289*log + 1.5734*tanh,0.7436621189117432
ra_pikan,456,1,-1.0267*1 + 0.0134*exp + -0.0173*log,0.504467248916626
ra_pikan,456,1,-0.0438*sin + -0.3656*cos + -0.4019*sqrt,0.6614693403244019
ra_pikan,456,1,-0.6182*x + 0.1396*cos + 1.0755*tanh,0.783795177936554
ra_pikan,456,1,1.1182*1 + 0.2889*x + -0.3880*tanh,0.4765936136245727
ra_pikan,456,1,-0.4756*1 + -0.2137*sin + 0.0494*exp,0.9424801468849182
ra_pikan,456,1,-2.5488*sin + 0.3175*cos + 2.7992*tanh,0.830109179019928
ra_pikan,456,1,0.6416*1 + 0.1259*exp + -0.4028*tanh,0.8966376781463623
ra_pikan,456,1,-0.2476*x^2 + -0.6206*cos + 0.1756*tanh,0.8376168608665466
ra_pikan,456,1,0.1525*x^2 + -0.0300*exp + -0.6372*sqrt,0.4383334517478943
ra_pikan,456,1,-0.1606*x^2 + 2.5933*sin + -2.5411*tanh,0.8399806022644043
ra_pikan,456,2,1.0590*1 + -0.1053*x^2 + 0.0191*x^3,0.9070149064064026
ra_pikan,456,2,-0.4203*x + 0.5673*cos + 0.2430*exp,0.4796603322029114
ra_pikan,456,2,1.0046*1 + -0.6092*x + 1.0845*tanh,0.97416353225708
ra_pikan,456,2,0.1615*x + 0.2841*x^2 + 1.0068*cos,0.8957130908966064
ra_pikan,456,2,1.1750*1 + 0.0530*sin + 0.0615*log,0.38017338514328
ra_pikan,456,2,-0.3565*x + 0.7531*cos + 0.2581*exp,0.9488589763641356
ra_pikan,456,2,1.4247*1 + -0.3530*cos + -0.2299*sqrt,0.9239658117294312
ra_pikan,456,2,1.1454*1 + 0.0108*x^4 + -0.4313*sqrt,0.7254930734634399
ra_pikan,456,2,1.0921*1 + 0.0375*x^3 + -0.2185*sqrt,0.9699194431304932
ra_pikan,456,2,1.0491*1 + 0.0524*x^3 + -0.0665*exp,0.7558286190032959
ra_pikan,789,0,-0.0625*1 + 0.4127*x + -0.7209*tanh,0.7097551822662354
ra_pikan,789,0,0.5478*x^2 + 0.7831*cos + -1.2987*sqrt,0.8258662819862366
ra_pikan,789,0,-0.0169*x^4 + 0.0497*exp + 0.1610*log,0.8471330404281616
ra_pikan,789,0,0.0371*x^2 + -0.2433*sqrt + -0.0436*tanh,0.9535402059555054
ra_pikan,789,0,0.1298*x^3 + -0.2417*exp + 0.5950*sqrt,0.7101061344146729
ra_pikan,789,0,1.7710*sin + 0.0529*cos + -1.8883*tanh,0.5740107297897339
ra_pikan,789,0,0.7832*1 + 0.2230*x^2 + -1.0265*sqrt,0.5752148628234863
ra_pikan,789,0,-0.1000*x^3 + 0.1593*exp + -0.2005*sqrt,0.7090830206871033
ra_pikan,789,0,1.0383*sin + -0.1142*sqrt + -0.8943*tanh,0.926630437374115
ra_pikan,789,0,-0.1327*1 + 0.4968*x + -0.8866*tanh,0.967853546142578
ra_pikan,789,1,-0.7596*1 + -0.0333*x^3 + -0.3055*sqrt,0.8843571543693542
ra_pikan,789,1,-0.2668*x + -0.1653*cos + 0.4166*tanh,0.6528922319412231
ra_pikan,789,1,0.1260*x^2 + -0.5824*sqrt + 0.0778*tanh,0.365680992603302
ra_pikan,789,1,-0.5180*1 + 0.0191*x^3 + 0.2790*sqrt,0.8549368381500244
ra_pikan,789,1,0.0258*x^4 + 0.0292*log + -0.6926*sqrt,0.8819530010223389
ra_pikan,789,1,-0.9515*1 + -0.6612*x + 1.0641*tanh,0.6800893545150757
ra_pikan,789,1,-0.4453*1 + 0.4840*x + -0.7841*tanh,0.5660891532897949
ra_pikan,789,1,0.2177*1 + -2.0778*sin + 2.0795*tanh,0.6588953733444214
ra_pikan,789,1,-0.4286*x + 0.1200*x^3 + 0.0284*x^4,0.8699655532836914
ra_pikan,789,1,-0.0868*x^2 + 0.1308*log + -0.0661*tanh,0.6992191076278687
ra_pikan,789,1,0.1071*x^3 + -0.4613*cos + -0.1941*exp,0.5793782472610474
ra_pikan,789,1,-0.1384*1 + 0.1738*x + -0.3188*tanh,0.8382986187934875
ra_pikan,789,1,-0.4051*1 + 0.0075*x^3 + 0.1998*cos,0.8291441202163696
ra_pikan,789,1,0.0955*x^3 + -0.2724*cos + -0.2192*exp,0.9045240879058838
ra_pikan,789,1,-0.2854*1 + -0.1034*x + 0.0911*sqrt,0.9489604830741882
ra_pikan,789,1,-1.1664*1 + 0.0052*x^4 + 0.1354*sin,0.8397812247276306
ra_pikan,789,1,-0.0412*x^4 + -0.4329*cos + 0.0543*exp,0.7130545973777771
ra_pikan,789,1,0.2545*x^2 + 0.4729*cos + -0.5121*sqrt,0.8862456679344177
ra_pikan,789,1,-0.4547*x + 0.2462*exp + -0.6420*sqrt,0.919219970703125
ra_pikan,789,1,0.4937*x + 0.2752*x^2 + -0.3366*exp,0.7186946868896484
ra_pikan,789,1,-1.0467*1 + -0.3223*x + 0.1559*exp,0.7880008220672607
ra_pikan,789,1,0.0461*x^4 + -0.2070*exp + 0.5790*tanh,0.6261772513389587
ra_pikan,789,1,-0.1352*1 + -0.2319*x + 0.3268*tanh,0.2743659019470215
ra_pikan,789,1,-0.3453*cos + -0.3695*sqrt + 0.0580*tanh,0.740921139717102
ra_pikan,789,1,0.2271*x^2 + -0.0789*sin + -0.7859*sqrt,0.771415114402771
ra_pikan,789,1,-0.3660*x^2 + 0.0191*x^3 + -0.9389*cos,0.5639984607696533
ra_pikan,789,1,-0.3840*1 + -0.0660*x + -0.0970*cos,0.6098026633262634
ra_pikan,789,1,0.5274*1 + 0.1611*x^2 + -0.6847*sqrt,0.7803292870521545
ra_pikan,789,1,0.3722*x^2 + 0.3771*cos + -1.0410*sqrt,0.5809168815612793
ra_pikan,789,1,-0.2744*1 + -1.7698*sin + 1.8552*tanh,0.5639546513557434
ra_pikan,789,1,-0.2651*x^2 + -0.1482*sin + -0.7370*cos,0.84608393907547
ra_pikan,789,1,-0.2635*1 + 0.3952*x + -0.6670*tanh,0.4445099830627441
ra_pikan,789,1,-0.1519*1 + 0.1503*x + -0.2205*tanh,0.486948549747467
ra_pikan,789,1,0.2227*x + -0.3805*cos + -0.1123*exp,0.9387691617012024
ra_pikan,789,1,-0.2417*1 + -0.2307*x + 0.3963*tanh,0.4427987337112427
ra_pikan,789,1,-0.9823*1 + 3.7708*sin + -3.8543*tanh,0.3832850456237793
ra_pikan,789,1,-0.4296*1 + 2.7332*sin + -2.7360*tanh,0.7454651594161987
ra_pikan,789,1,0.1146*sin + -0.0986*log + 0.1517*sqrt,0.7069653868675232
ra_pikan,789,1,-0.0981*x^2 + 0.3596*sqrt + -0.0759*tanh,0.9212659597396852
ra_pikan,789,1,-0.7708*1 + 0.3226*cos + 0.3065*sqrt,0.6813067197799683
ra_pikan,789,1,-0.9359*1 + 0.2821*x + -0.4946*tanh,0.5790418982505798
ra_pikan,789,1,0.0611*sin + -0.1113*cos + -0.1723*sqrt,0.9365179538726808
ra_pikan,789,1,0.0899*x^2 + 0.1207*x^3 + -0.2140*exp,0.787921667098999
ra_pikan,789,1,-0.2999*1 + 2.7979*sin + -2.9711*tanh,0.493614137172699
ra_pikan,789,1,-0.1408*1 + 0.0410*x^3 + -0.0948*exp,0.4852007031440735
ra_pikan,789,1,-1.0320*1 + 1.4711*sin + -1.5922*tanh,0.4954334497451782
ra_pikan,789,1,0.1004*x^3 + -0.1673*exp + 0.1124*log,0.6416587829589844
ra_pikan,789,1,-0.2945*x + 0.2186*cos + 0.5109*tanh,0.6047308444976807
ra_pikan,789,1,-0.3258*x + 0.1992*sqrt + 0.4721*tanh,0.3087943792343139
ra_pikan,789,1,-0.0321*x^4 + -0.1158*sin + 0.1273*log,0.6975196599960327
ra_pikan,789,1,-1.0863*1 + -0.1091*x^3 + 0.1494*exp,0.5324977040290833
ra_pikan,789,1,-0.0369*exp + 0.0496*log + 0.1044*tanh,0.6204984188079834
ra_pikan,789,1,0.1133*x^2 + 0.0604*x^3 + -0.1267*exp,0.6676269769668579
ra_pikan,789,1,-0.0116*x^3 + -0.3302*cos + -0.3519*sqrt,0.8355025053024292
ra_pikan,789,1,-0.2088*1 + -0.7844*x + 1.1717*tanh,0.8378637433052063
ra_pikan,789,1,-1.1320*1 + -2.1882*sin + 2.2419*tanh,0.7102029919624329
ra_pikan,789,1,-0.1142*sin + -0.3166*cos + -0.6847*sqrt,0.9141874313354492
ra_pikan,789,1,0.3127*1 + -0.1822*x + 0.1095*tanh,0.7412968873977661
ra_pikan,789,1,-0.0830*x^2 + 0.0303*exp + 0.2025*sqrt,0.4527005553245544
ra_pikan,789,1,-0.4845*1 + -0.1114*sin + 0.5308*sqrt,0.8540629148483276
ra_pikan,789,1,0.3421*x + -0.4782*cos + -0.2390*exp,0.5981948971748352
ra_pikan,789,1,-0.1734*1 + 0.1768*x + -0.3324*tanh,0.8718156814575195
ra_pikan,789,1,-0.1854*x^2 + 0.0414*exp + 0.0759*log,0.9158849120140076
ra_pikan,789,1,0.0236*x^3 + 0.1263*log + -0.3388*sqrt,0.697187066078186
ra_pikan,789,1,0.1292*x^2 + -0.1605*exp + 0.4015*tanh,0.7357290387153625
ra_pikan,789,1,-1.0382*1 + -1.4872*sin + 1.5114*tanh,0.7682520747184753
ra_pikan,789,1,-0.4673*1 + 0.4496*x + -0.6845*tanh,0.6034567356109619
ra_pikan,789,1,0.1094*x + 0.0143*x^4 + -0.1187*log,0.795989990234375
ra_pikan,789,1,0.0953*exp + -0.1897*sqrt + -0.3868*tanh,0.9237405061721802
ra_pikan,789,1,-0.4242*1 + -2.4257*sin + 2.5433*tanh,0.368508517742157
ra_pikan,789,1,-0.1243*x + -0.5226*cos + -0.9006*sqrt,0.9513337016105652
ra_pikan,789,1,-0.1323*1 + -0.2944*x + 0.5632*tanh,0.9158042669296264
ra_pikan,789,1,-0.2261*1 + 0.4711*x + -0.7144*tanh,0.5062429904937744
ra_pikan,789,1,-0.4590*1 + 0.3003*x + -0.3563*tanh,0.6422857642173767
ra_pikan,789,1,-0.3309*1 + 0.2102*sqrt + 0.0394*tanh,0.9314786195755004
ra_pikan,789,1,-0.9587*1 + -2.8380*sin + 2.8593*tanh,0.7697571516036987
ra_pikan,789,1,-0.0333*x^4 + -0.1909*sin + 0.1738*log,0.6654738187789917
ra_pikan,789,1,0.2126*cos + 0.3762*sqrt + -0.0399*tanh,0.4129320979118347
ra_pikan,789,1,-1.9316*sin + 0.1333*sqrt + 1.9992*tanh,0.7505536675453186
ra_pikan,789,1,-0.4701*1 + 0.2783*x + -0.4994*tanh,0.4765406847000122
ra_pikan,789,1,-1.0169*1 + -0.0218*x^4 + 0.6330*sqrt,0.8656604290008545
ra_pikan,789,1,0.5123*x + -0.1137*x^3 + -0.0802*exp,0.8900448083877563
ra_pikan,789,1,0.2156*x^2 + 0.0111*x^3 + -0.5304*sqrt,0.8826268911361694
ra_pikan,789,1,0.2516*x^2 + 0.1871*x^3 + -0.3225*exp,0.6604388952255249
ra_pikan,789,1,-0.4301*1 + 0.1689*cos + -0.0615*tanh,0.9233772158622742
ra_pikan,789,1,0.1088*x + -0.3608*x^2 + -1.0048*cos,0.8867198824882507
ra_pikan,789,1,0.1283*sin + -0.2522*cos + -0.7238*sqrt,0.7943558096885681
ra_pikan,789,1,0.2667*cos + 0.2481*sqrt + -0.0984*tanh,0.5679515600204468
ra_pikan,789,1,-0.0428*x^4 + 0.1767*exp + -0.3691*tanh,0.8213551044464111
ra_pikan,789,1,0.0392*x^3 + -0.1658*cos + -0.6260*sqrt,0.9537932276725768
ra_pikan,789,1,-0.1026*x + -0.6790*cos + -0.6495*sqrt,0.936180591583252
ra_pikan,789,1,0.1592*x^2 + -0.2097*sin + -0.5263*sqrt,0.7490542531013489
ra_pikan,789,1,0.3962*x + -0.2637*exp + 0.5723*sqrt,0.8049885034561157
ra_pikan,789,1,-0.4457*1 + -0.5100*sin + 0.7131*tanh,0.980198860168457
ra_pikan,789,1,-0.3894*1 + -0.0870*x^2 + 0.4228*sqrt,0.2697077989578247
ra_pikan,789,1,-1.1087*1 + 0.0998*exp + -0.3067*tanh,0.7996186017990112
ra_pikan,789,1,-0.1724*exp + 0.1221*log + 0.3608*tanh,0.5831303596496582
ra_pikan,789,1,0.3017*1 + -0.2594*x + 0.4356*tanh,0.3213889598846435
ra_pikan,789,1,-0.0705*x^3 + -4.8400*sin + 5.3379*tanh,0.5307676792144775
ra_pikan,789,1,-0.2889*1 + -1.2767*sin + 1.3140*tanh,0.4704651832580566
ra_pikan,789,2,-0.5819*x + -0.0639*x^4 + 0.3679*exp,0.8329918384552002
ra_pikan,789,2,0.2655*cos + 0.1127*exp + -0.2449*tanh,0.897110104560852
ra_pikan,789,2,0.4248*1 + 0.0093*x^4 + -0.2555*sqrt,0.5453323721885681
ra_pikan,789,2,0.4642*1 + 0.0670*x^3 + -0.0676*exp,0.8640025854110718
ra_pikan,789,2,0.4098*1 + 0.0573*sin + -0.3574*sqrt,0.833377480506897
ra_pikan,789,2,-0.0835*x + 0.1048*exp + -0.0971*log,0.7765017747879028
ra_pikan,789,2,0.4471*1 + -1.4824*sin + 1.6746*tanh,0.3250068426132202
ra_pikan,789,2,0.0299*x^3 + 0.3083*cos + 0.3474*sqrt,0.6755945682525635
ra_pikan,789,2,-0.1998*x^2 + 0.0153*x^3 + 1.0080*sqrt,0.639021635055542
ra_pikan,789,2,0.4684*1 + 0.0991*x^2 + -0.4019*sqrt,0.7886534333229065
